epoch,time,train/box_loss,train/cls_loss,train/dfl_loss,metrics/precision(B),metrics/recall(B),metrics/mAP50(B),metrics/mAP50-95(B),val/box_loss,val/cls_loss,val/dfl_loss,lr/pg0,lr/pg1,lr/pg2
1,7.23378,1.54073,3.53197,1.08459,0.46402,0.51931,0.48403,0.30458,1.32651,2.19515,1.01086,0.00011172,0.00011172,0.00011172
2,16.343,1.29435,1.59867,1.00637,0.71932,0.81182,0.82113,0.49169,1.24405,1.5523,0.98679,0.000229206,0.000229206,0.000229206
3,24.5429,1.26587,1.15463,0.98957,0.77716,0.84101,0.88182,0.55545,1.24363,1.1577,1.02071,0.000346577,0.000346577,0.000346577
4,34.123,1.19016,0.96398,1.01499,0.88198,0.91121,0.96718,0.59539,1.27914,0.91656,1.03304,0.00046383,0.00046383,0.00046383
5,42.5532,1.26281,0.87218,1.02205,0.90683,0.9227,0.97071,0.6156,1.25767,0.90887,1.04741,0.000580967,0.000580967,0.000580967
6,51.7216,1.29453,0.9002,1.03338,0.81306,0.89582,0.96157,0.62195,1.18572,1.22943,1.00546,0.000586545,0.000586545,0.000586545
7,61.4502,1.25809,0.89925,1.01809,0.86516,0.86533,0.96069,0.61416,1.20809,1.1593,1.00846,0.000586254,0.000586254,0.000586254
8,68.3207,1.14807,0.80504,0.91127,0.89539,0.874,0.95245,0.60802,1.21543,0.86665,1.02117,0.000585963,0.000585963,0.000585963
9,76.9942,1.2143,0.74782,0.99286,0.91073,0.89604,0.96111,0.62065,1.18649,0.77192,1.00586,0.000585672,0.000585672,0.000585672
10,85.9369,1.15869,0.70856,0.97674,0.96022,0.98409,0.98887,0.6527,1.13436,0.61034,0.98575,0.00058538,0.00058538,0.00058538
11,94.4174,1.18486,0.6558,0.99258,0.9181,0.96034,0.98603,0.65232,1.15703,0.66717,0.98795,0.000585089,0.000585089,0.000585089
12,102.928,1.14693,0.67276,1.00235,0.93751,0.98267,0.98794,0.65696,1.12947,0.60339,0.99569,0.000584798,0.000584798,0.000584798
13,111.868,1.14822,0.64114,0.97132,0.89415,0.95191,0.97167,0.62864,1.16558,0.66253,0.99719,0.000584507,0.000584507,0.000584507
14,119.462,1.12666,0.63749,0.9691,0.95603,0.94912,0.97991,0.63129,1.19,0.60408,1.00892,0.000584216,0.000584216,0.000584216
15,128.154,1.14853,0.61097,0.97417,0.96335,0.9679,0.9906,0.66621,1.1367,0.56785,0.981,0.000583925,0.000583925,0.000583925
16,137.92,1.14263,0.58087,0.99857,0.9927,0.99524,0.99425,0.68292,1.09879,0.50595,0.96872,0.000583634,0.000583634,0.000583634
17,146.832,1.16777,0.58956,0.96053,0.97827,0.97823,0.99197,0.68035,1.11446,0.52766,0.98652,0.000583343,0.000583343,0.000583343
18,153.516,1.1099,0.55432,0.97136,0.97761,0.9898,0.9893,0.67328,1.12493,0.52128,0.98438,0.000583052,0.000583052,0.000583052
19,161.043,1.11323,0.55179,0.95891,0.99081,0.9909,0.99354,0.67827,1.13203,0.51341,0.98263,0.000582761,0.000582761,0.000582761
20,169.511,1.11494,0.55576,0.95684,0.96778,0.98358,0.98721,0.66393,1.14892,0.55322,0.99151,0.00058247,0.00058247,0.00058247
21,176.867,1.1013,0.55536,0.94879,0.97041,0.9523,0.98244,0.67988,1.09384,0.6072,0.96999,0.000582179,0.000582179,0.000582179
22,185.599,1.09622,0.53983,0.96086,0.97253,0.94027,0.98523,0.68149,1.06609,0.53178,0.95987,0.000581888,0.000581888,0.000581888
23,194.615,1.06728,0.53275,0.96331,0.98563,0.99769,0.99434,0.7004,1.06871,0.49723,0.96477,0.000581597,0.000581597,0.000581597
24,201.907,1.13947,0.55878,0.94189,0.96095,0.98583,0.9936,0.68997,1.08298,0.50872,0.97314,0.000581306,0.000581306,0.000581306
25,211.746,1.0928,0.54479,0.98038,0.9904,0.99077,0.99342,0.70525,1.04809,0.48173,0.9617,0.000581015,0.000581015,0.000581015
26,220.286,1.08131,0.52159,0.94959,0.99131,0.99658,0.99466,0.69688,1.06768,0.49326,0.96214,0.000580724,0.000580724,0.000580724
27,228.334,1.09032,0.53557,0.95213,0.99236,0.99524,0.99272,0.68853,1.09269,0.49877,0.9777,0.000580432,0.000580432,0.000580432
28,238.19,1.0541,0.51585,0.97587,0.99053,0.99755,0.99442,0.6975,1.06906,0.48144,0.95407,0.000580141,0.000580141,0.000580141
29,247.495,1.05973,0.51747,0.96303,0.98824,0.99852,0.99473,0.70037,1.04784,0.46383,0.95066,0.00057985,0.00057985,0.00057985
30,256.257,1.05402,0.52992,0.9617,0.98967,0.99971,0.9939,0.69575,1.0469,0.47721,0.95248,0.000579559,0.000579559,0.000579559
31,263.597,1.04396,0.52043,0.93648,0.9907,0.99044,0.99409,0.70102,1.05449,0.48021,0.95851,0.000579268,0.000579268,0.000579268
32,270.508,1.04562,0.51532,0.90284,0.97066,0.9987,0.99425,0.69197,1.06833,0.49483,0.96099,0.000578977,0.000578977,0.000578977
33,276.626,1.11137,0.55936,0.96466,0.99206,0.99587,0.99409,0.70401,1.0531,0.47226,0.95885,0.000578686,0.000578686,0.000578686
34,285.482,1.06476,0.52851,0.95344,0.98576,0.98999,0.99337,0.70414,1.04545,0.47874,0.95435,0.000578395,0.000578395,0.000578395
35,293.546,1.07568,0.71978,0.96578,0.98775,0.99941,0.99492,0.69833,1.04801,0.47354,0.95504,0.000578104,0.000578104,0.000578104
36,302.573,1.02856,0.50991,0.95642,0.99071,0.99417,0.99474,0.7157,1.03374,0.47202,0.94809,0.000577813,0.000577813,0.000577813
37,311.519,1.03485,0.4994,0.93016,0.99428,0.99601,0.99488,0.7079,1.03648,0.47666,0.94614,0.000577522,0.000577522,0.000577522
38,320.704,1.04826,0.49804,0.95117,0.98036,0.99571,0.99021,0.71641,1.01605,0.45933,0.94181,0.000577231,0.000577231,0.000577231
39,329.711,1.02497,0.49748,0.94557,0.99076,0.99605,0.99472,0.7067,1.03756,0.45407,0.94397,0.00057694,0.00057694,0.00057694
40,337.402,1.02851,0.50326,0.92271,0.987,0.99638,0.9946,0.70027,1.04189,0.45602,0.94897,0.000576649,0.000576649,0.000576649
41,347.613,1.01107,0.48093,0.95656,0.98178,0.99268,0.99221,0.7089,1.01196,0.46269,0.93895,0.000576358,0.000576358,0.000576358
42,356.726,1.02221,0.49537,0.93867,0.98351,0.98728,0.99313,0.71131,1.02083,0.4362,0.9433,0.000576067,0.000576067,0.000576067
43,365.667,1.13387,0.52031,0.93847,0.99333,0.99644,0.99439,0.70593,1.05644,0.45051,0.95505,0.000575775,0.000575775,0.000575775
44,373.662,1.04065,0.49374,0.94268,0.99208,0.99855,0.99476,0.71586,1.03551,0.44141,0.94952,0.000575484,0.000575484,0.000575484
45,382.097,0.98915,0.46722,0.91737,0.99529,0.99916,0.99499,0.71752,1.01362,0.4335,0.94269,0.000575193,0.000575193,0.000575193
46,391.195,1.05133,0.49314,0.94985,0.99123,0.99474,0.99317,0.71698,1.01846,0.446,0.94382,0.000574902,0.000574902,0.000574902
47,400.648,1.03825,0.49036,0.94541,0.98812,0.99916,0.99496,0.72069,1.03306,0.44734,0.94203,0.000574611,0.000574611,0.000574611
48,409.6,1.02333,0.48889,0.92603,0.99176,0.99876,0.99446,0.71844,1.02091,0.43414,0.94484,0.00057432,0.00057432,0.00057432
49,416.765,1.02507,0.48874,0.90974,0.99288,0.99712,0.99488,0.72123,1.00389,0.45256,0.93659,0.000574029,0.000574029,0.000574029
50,425.623,1.00487,0.47616,0.94019,0.99423,0.99805,0.995,0.72334,1.00249,0.44046,0.93767,0.000573738,0.000573738,0.000573738
51,433.525,1.01355,0.48152,0.92503,0.99627,0.99873,0.99499,0.71795,1.01494,0.43557,0.94277,0.000573447,0.000573447,0.000573447
52,443.81,0.99852,0.46615,0.94872,0.99175,0.9985,0.99464,0.72631,1.0044,0.44497,0.9386,0.000573156,0.000573156,0.000573156
53,452.559,1.02198,0.48092,0.91644,0.98265,0.99689,0.99472,0.71172,1.03507,0.45812,0.94485,0.000572865,0.000572865,0.000572865
54,461.246,1.00804,0.49576,0.93484,0.98795,0.99664,0.99344,0.70174,1.07547,0.45367,0.9621,0.000572574,0.000572574,0.000572574
55,469.593,1.01389,0.46673,0.93234,0.99433,0.99833,0.99492,0.72635,1.00823,0.44017,0.9398,0.000572283,0.000572283,0.000572283
56,480.207,0.99365,0.46233,0.95223,0.99156,0.99588,0.99436,0.71442,1.04998,0.43254,0.95192,0.000571992,0.000571992,0.000571992
57,488.183,0.97636,0.4501,0.91086,0.99361,0.99878,0.99373,0.73422,0.98837,0.42012,0.93217,0.000571701,0.000571701,0.000571701
58,497.178,1.00997,0.46078,0.91234,0.99576,0.999,0.99499,0.72303,1.02714,0.42256,0.94343,0.00057141,0.00057141,0.00057141
59,504.94,1.03395,0.47259,0.91859,0.99615,0.99968,0.99477,0.74133,0.97372,0.41334,0.92835,0.000571119,0.000571119,0.000571119
60,514.495,1.02001,0.46035,0.94298,0.99093,0.99769,0.99386,0.7392,0.99369,0.42128,0.93367,0.000570827,0.000570827,0.000570827
61,523.53,1.01248,0.47712,0.93174,0.99649,0.99784,0.99496,0.73086,0.9975,0.41562,0.93214,0.000570536,0.000570536,0.000570536
62,531.558,1.03811,0.47286,0.95639,0.98672,0.99693,0.99472,0.74311,0.96656,0.40991,0.92701,0.000570245,0.000570245,0.000570245
63,541.175,1.00275,0.45527,0.92057,0.99481,0.9977,0.994,0.74451,0.96812,0.40857,0.92766,0.000569954,0.000569954,0.000569954
64,550.124,0.96161,0.44278,0.93586,0.99571,0.9975,0.99498,0.74103,0.9839,0.41198,0.93127,0.000569663,0.000569663,0.000569663
65,558.823,0.97294,0.45216,0.9155,0.99226,0.99762,0.99417,0.74245,0.98026,0.41748,0.93126,0.000569372,0.000569372,0.000569372
66,567.403,1.0041,0.46082,0.9283,0.99484,0.99502,0.9945,0.74366,0.96292,0.41293,0.92778,0.000569081,0.000569081,0.000569081
67,577.118,0.95608,0.45721,0.95073,0.99002,0.99613,0.99386,0.73625,0.98576,0.42202,0.93426,0.00056879,0.00056879,0.00056879
68,586.147,0.99881,0.46088,0.93885,0.99595,0.99923,0.99498,0.73993,0.97135,0.40396,0.92825,0.000568499,0.000568499,0.000568499
69,595.171,0.98511,0.44659,0.95304,0.99063,0.99806,0.99483,0.74306,0.95554,0.40661,0.92351,0.000568208,0.000568208,0.000568208
70,603.333,0.99054,0.47888,0.93457,0.99313,0.99922,0.99498,0.72997,0.98951,0.42346,0.92986,0.000567917,0.000567917,0.000567917
71,613.044,1.00103,0.44878,0.96411,0.99429,0.99443,0.99493,0.73764,0.98787,0.42092,0.92733,0.000567626,0.000567626,0.000567626
72,621.077,0.95397,0.44075,0.90037,0.99018,0.99813,0.99474,0.74228,0.9767,0.40872,0.92666,0.000567335,0.000567335,0.000567335
73,629.918,0.94227,0.46325,0.93463,0.99351,1,0.99499,0.74904,0.95319,0.40705,0.92037,0.000567044,0.000567044,0.000567044
74,638.559,0.9637,0.44782,0.91492,0.98967,0.98785,0.99493,0.74694,0.95524,0.40088,0.9248,0.000566753,0.000566753,0.000566753
75,647.629,1.01388,0.44598,0.96381,0.99347,1,0.995,0.74272,0.95558,0.40257,0.92341,0.000566462,0.000566462,0.000566462
76,656.577,0.97391,0.44047,0.91756,0.99731,0.9987,0.99499,0.75319,0.94673,0.39967,0.9229,0.000566171,0.000566171,0.000566171
77,663.811,0.97168,0.44846,0.90609,0.99485,0.99858,0.99457,0.7451,0.97117,0.40075,0.931,0.000565879,0.000565879,0.000565879
78,671.716,0.97002,0.44504,0.91441,0.9951,0.99922,0.995,0.7367,0.99939,0.40531,0.9359,0.000565588,0.000565588,0.000565588
79,681.236,0.95483,0.44202,0.91098,0.99288,0.99923,0.99443,0.74822,0.95564,0.4063,0.92292,0.000565297,0.000565297,0.000565297
80,688.674,0.9615,0.45934,0.89134,0.99359,0.99847,0.99497,0.74335,0.97908,0.40635,0.93241,0.000565006,0.000565006,0.000565006
81,696.767,0.96927,0.44207,0.9209,0.99631,0.99955,0.995,0.74689,0.96804,0.4059,0.92785,0.000564715,0.000564715,0.000564715
82,704.058,0.96712,0.44857,0.90439,0.99362,1,0.99475,0.7475,0.93956,0.40467,0.91859,0.000564424,0.000564424,0.000564424
83,712.708,0.99845,0.4502,0.92632,0.99421,0.99959,0.9948,0.74918,0.94866,0.39587,0.92164,0.000564133,0.000564133,0.000564133
84,721.888,0.99813,0.44061,0.94722,0.99664,0.99923,0.99497,0.73857,0.98933,0.4043,0.93192,0.000563842,0.000563842,0.000563842
85,731.222,0.9584,0.45961,0.93104,0.99081,0.99626,0.99472,0.73889,0.98243,0.41214,0.9317,0.000563551,0.000563551,0.000563551
86,739.37,0.94833,0.43551,0.92998,0.99499,0.99601,0.99495,0.7197,1.02562,0.41957,0.93804,0.00056326,0.00056326,0.00056326
87,748.396,0.97151,0.44742,0.92366,0.99561,0.99503,0.99489,0.73497,0.97487,0.40129,0.92447,0.000562969,0.000562969,0.000562969
88,757.095,0.92869,0.42294,0.91501,0.99502,0.99765,0.99495,0.75366,0.94592,0.39991,0.91879,0.000562678,0.000562678,0.000562678
89,765.224,0.93746,0.42775,0.90955,0.9959,0.99955,0.99462,0.76284,0.92539,0.38864,0.91386,0.000562387,0.000562387,0.000562387
90,773.912,0.95841,0.42547,0.91338,0.99499,1,0.99484,0.76294,0.93874,0.39065,0.91732,0.000562096,0.000562096,0.000562096
91,784.606,0.99586,0.43788,0.9369,0.9958,0.99928,0.99497,0.75573,0.96152,0.39833,0.9249,0.000561805,0.000561805,0.000561805
92,793.562,0.96711,0.43584,0.92161,0.99436,0.99924,0.99495,0.74747,0.95773,0.40366,0.92198,0.000561514,0.000561514,0.000561514
93,802.96,0.918,0.42074,0.90403,0.99552,0.99857,0.995,0.74996,0.96146,0.39666,0.92385,0.000561222,0.000561222,0.000561222
94,812.397,0.96178,0.42826,0.93292,0.99599,0.99927,0.995,0.76462,0.92757,0.38576,0.91417,0.000560931,0.000560931,0.000560931
95,821.629,0.93188,0.41384,0.89593,0.99263,0.99466,0.99492,0.75775,0.94849,0.38916,0.92219,0.00056064,0.00056064,0.00056064
96,829.903,0.94872,0.4348,0.91438,0.9949,0.99839,0.99419,0.75664,0.93442,0.39438,0.91672,0.000560349,0.000560349,0.000560349
97,837.778,0.95996,0.4283,0.92249,0.99243,1,0.995,0.76414,0.92435,0.38123,0.91388,0.000560058,0.000560058,0.000560058
98,847.425,0.94531,0.41919,0.92529,0.99356,0.9989,0.9947,0.75223,0.96478,0.39583,0.9223,0.000559767,0.000559767,0.000559767
99,854.983,0.94837,0.41456,0.91725,0.99045,0.99955,0.99481,0.75685,0.93733,0.38909,0.91993,0.000559476,0.000559476,0.000559476
100,863.75,0.94827,0.43137,0.92305,0.99704,0.99968,0.995,0.75932,0.94534,0.39252,0.92119,0.000559185,0.000559185,0.000559185
101,869.849,0.93227,0.42992,0.89431,0.99501,0.99733,0.99492,0.75696,0.94106,0.38694,0.92212,0.000558894,0.000558894,0.000558894
102,877.957,0.94137,0.42145,0.91012,0.99776,0.99655,0.99497,0.76742,0.92095,0.37721,0.91236,0.000558603,0.000558603,0.000558603
103,887.262,0.9632,0.42335,0.92268,0.99527,0.99869,0.99495,0.77355,0.90458,0.37596,0.90973,0.000558312,0.000558312,0.000558312
104,897.165,0.88598,0.39585,0.87542,0.99679,0.99812,0.99482,0.77352,0.90864,0.38352,0.90927,0.000558021,0.000558021,0.000558021
105,905.922,0.90939,0.41499,0.915,0.99712,0.99953,0.995,0.78002,0.91012,0.37545,0.91024,0.00055773,0.00055773,0.00055773
106,915.986,0.93909,0.41001,0.93157,0.99491,0.99923,0.99455,0.75981,0.9586,0.38943,0.92486,0.000557439,0.000557439,0.000557439
107,923.927,0.95723,0.43337,0.90564,0.99708,0.99953,0.99494,0.77131,0.9282,0.38605,0.91735,0.000557148,0.000557148,0.000557148
108,934.699,0.96058,0.43146,0.94114,0.99718,0.9992,0.995,0.75358,0.95571,0.40027,0.92091,0.000556857,0.000556857,0.000556857
109,943.855,0.9263,0.42705,0.92185,0.99579,0.99917,0.995,0.75435,0.93421,0.39691,0.91376,0.000556566,0.000556566,0.000556566
110,951.674,0.93056,0.42921,0.90472,0.99099,0.99492,0.9949,0.76376,0.92835,0.39685,0.91448,0.000556274,0.000556274,0.000556274
111,960.827,0.89912,0.43272,0.9106,0.99626,0.9994,0.995,0.77098,0.89918,0.38197,0.90567,0.000555983,0.000555983,0.000555983
112,969.346,0.91827,0.42397,0.90307,0.99372,1,0.995,0.76955,0.90089,0.3824,0.90438,0.000555692,0.000555692,0.000555692
113,976.976,0.92456,0.42755,0.90236,0.99457,1,0.9947,0.76618,0.90905,0.38336,0.90873,0.000555401,0.000555401,0.000555401
114,985.479,0.91945,0.4158,0.90952,0.99522,1,0.995,0.76845,0.9169,0.38022,0.91204,0.00055511,0.00055511,0.00055511
115,995.301,0.91553,0.40905,0.90962,0.99742,0.99989,0.99485,0.77409,0.89743,0.37802,0.90545,0.000554819,0.000554819,0.000554819
116,1004.31,0.92126,0.41689,0.90294,0.99537,0.99966,0.99491,0.78611,0.87437,0.37476,0.89884,0.000554528,0.000554528,0.000554528
117,1013.28,0.93183,0.41034,0.90269,0.99776,0.9984,0.995,0.78332,0.89072,0.37373,0.90157,0.000554237,0.000554237,0.000554237
118,1020.44,0.90597,0.41962,0.88678,0.99125,0.99687,0.99447,0.77524,0.89475,0.37892,0.9052,0.000553946,0.000553946,0.000553946
119,1028.75,0.90998,0.41286,0.90978,0.99617,1,0.99484,0.77766,0.88934,0.37222,0.90113,0.000553655,0.000553655,0.000553655
120,1037.65,0.90104,0.40533,0.90556,0.99389,0.9974,0.99427,0.77942,0.88394,0.36258,0.90272,0.000553364,0.000553364,0.000553364
121,1044.75,0.88655,0.39834,0.9014,0.99462,0.99897,0.99464,0.77939,0.88737,0.36577,0.90291,0.000553073,0.000553073,0.000553073
122,1052.3,0.9032,0.40411,0.89485,0.99569,0.99963,0.99463,0.77788,0.87924,0.3729,0.90101,0.000552782,0.000552782,0.000552782
123,1059.35,0.91395,0.41389,0.90098,0.99348,0.99814,0.99464,0.77708,0.89334,0.3736,0.90443,0.000552491,0.000552491,0.000552491
124,1067.32,0.92441,0.41335,0.90352,0.99696,0.99887,0.99468,0.76837,0.91158,0.38019,0.90956,0.0005522,0.0005522,0.0005522
125,1074.57,0.93207,0.4197,0.8892,0.99555,1,0.995,0.77923,0.89304,0.37558,0.90472,0.000551909,0.000551909,0.000551909
126,1084.03,0.923,0.41461,0.91322,0.99647,1,0.99475,0.77939,0.88277,0.36703,0.90308,0.000551617,0.000551617,0.000551617
127,1093.1,0.90071,0.3976,0.93375,0.99421,0.99839,0.99452,0.7866,0.86161,0.36316,0.90072,0.000551326,0.000551326,0.000551326
128,1104.62,0.88565,0.39463,0.91779,0.99576,0.99868,0.99413,0.78234,0.88187,0.36235,0.90099,0.000551035,0.000551035,0.000551035
129,1112.72,0.90018,0.40781,0.88666,0.99491,0.99843,0.99387,0.78065,0.88687,0.37593,0.90613,0.000550744,0.000550744,0.000550744
130,1120.48,0.91989,0.41035,0.89761,0.99697,0.99835,0.99464,0.78753,0.86829,0.36358,0.89768,0.000550453,0.000550453,0.000550453
131,1129.82,0.88249,0.39665,0.92659,0.98689,0.99765,0.9934,0.78019,0.88469,0.37029,0.9034,0.000550162,0.000550162,0.000550162
132,1139.74,0.89769,0.41464,0.91554,0.99536,0.99926,0.99496,0.77827,0.89395,0.36202,0.90757,0.000549871,0.000549871,0.000549871
133,1148.83,0.91243,0.40255,0.92069,0.99656,0.99954,0.995,0.78592,0.88526,0.36149,0.90396,0.00054958,0.00054958,0.00054958
134,1157.57,0.88894,0.40515,0.90978,0.99726,0.9995,0.995,0.7895,0.87373,0.3596,0.9015,0.000549289,0.000549289,0.000549289
135,1166.41,0.90045,0.41705,0.88249,0.99501,1,0.995,0.78853,0.87094,0.36192,0.90037,0.000548998,0.000548998,0.000548998
136,1176.12,0.88348,0.39383,0.89315,0.99581,0.99932,0.99498,0.78945,0.86372,0.35394,0.89915,0.000548707,0.000548707,0.000548707
137,1183.27,0.87262,0.39315,0.88963,0.99672,1,0.995,0.79561,0.85634,0.35331,0.89565,0.000548416,0.000548416,0.000548416
138,1191.62,0.87217,0.3929,0.88848,0.99666,0.99955,0.995,0.79683,0.85185,0.35357,0.89546,0.000548125,0.000548125,0.000548125
139,1200.81,0.87293,0.40362,0.90848,0.99695,0.99916,0.995,0.80092,0.84561,0.34984,0.89251,0.000547834,0.000547834,0.000547834
140,1210.44,0.88741,0.40578,0.91086,0.99749,0.99958,0.995,0.80063,0.85429,0.35605,0.89319,0.000547543,0.000547543,0.000547543
141,1219.21,0.89778,0.40219,0.90436,0.99572,0.99956,0.99462,0.79832,0.85242,0.35634,0.89406,0.000547252,0.000547252,0.000547252
142,1228.53,0.86813,0.39949,0.89353,0.99615,1,0.995,0.79732,0.85151,0.35444,0.89542,0.000546961,0.000546961,0.000546961
143,1237.74,0.87935,0.38595,0.91435,0.99743,0.99884,0.995,0.79856,0.83711,0.34489,0.89023,0.000546669,0.000546669,0.000546669
144,1247.03,0.87111,0.39027,0.89954,0.99734,1,0.99497,0.79433,0.85066,0.35348,0.89351,0.000546378,0.000546378,0.000546378
145,1257.01,0.86445,0.38599,0.89453,0.9974,1,0.995,0.78916,0.87332,0.35467,0.89929,0.000546087,0.000546087,0.000546087
146,1264.76,0.89328,0.39361,0.90016,0.99242,0.99923,0.99386,0.78371,0.88321,0.36071,0.90177,0.000545796,0.000545796,0.000545796
147,1272.97,0.88055,0.39627,0.89304,0.9962,1,0.99498,0.79978,0.84186,0.35722,0.88809,0.000545505,0.000545505,0.000545505
148,1282.16,0.89471,0.40517,0.89896,0.99492,0.99918,0.995,0.79586,0.84714,0.3605,0.89246,0.000545214,0.000545214,0.000545214
149,1289.5,0.88218,0.3995,0.89029,0.99747,0.99924,0.995,0.7899,0.84566,0.35166,0.8925,0.000544923,0.000544923,0.000544923
150,1297.5,0.92095,0.40521,0.89156,0.99402,0.99986,0.995,0.80188,0.83467,0.35788,0.88839,0.000544632,0.000544632,0.000544632
151,1305.83,0.87759,0.4023,0.89132,0.99453,0.99923,0.99481,0.80352,0.82795,0.35987,0.88506,0.000544341,0.000544341,0.000544341
152,1315.98,0.90497,0.40527,0.90699,0.99498,0.99903,0.99477,0.80112,0.83561,0.35049,0.88775,0.00054405,0.00054405,0.00054405
153,1324.48,0.86942,0.3925,0.89188,0.99629,0.99842,0.995,0.80118,0.83641,0.34835,0.8859,0.000543759,0.000543759,0.000543759
154,1334.39,0.87152,0.38836,0.90337,0.99483,0.99886,0.995,0.7979,0.84681,0.35699,0.88909,0.000543468,0.000543468,0.000543468
155,1342.68,0.85272,0.39535,0.85771,0.99632,0.99871,0.995,0.78912,0.86769,0.36082,0.89361,0.000543177,0.000543177,0.000543177
156,1352.23,0.86453,0.38807,0.91509,0.99421,0.99395,0.99454,0.78485,0.86907,0.3643,0.89273,0.000542886,0.000542886,0.000542886
157,1362.38,0.82542,0.3729,0.86052,0.99698,0.99957,0.995,0.80058,0.83297,0.34982,0.88686,0.000542595,0.000542595,0.000542595
158,1372.22,0.85622,0.38281,0.91533,0.99554,1,0.995,0.79738,0.82673,0.3548,0.88499,0.000542304,0.000542304,0.000542304
159,1380.19,0.86315,0.39028,0.88834,0.99433,0.99774,0.99476,0.79568,0.86127,0.35433,0.89625,0.000542013,0.000542013,0.000542013
160,1390.16,0.87426,0.38851,0.90137,0.99765,1,0.995,0.8005,0.82595,0.34394,0.88673,0.000541721,0.000541721,0.000541721
161,1398.91,0.90177,0.40334,0.89904,0.99741,1,0.995,0.79874,0.83879,0.34514,0.89015,0.00054143,0.00054143,0.00054143
162,1406.63,0.87729,0.39735,0.91196,0.99747,0.99933,0.995,0.79742,0.84029,0.34376,0.8893,0.000541139,0.000541139,0.000541139
163,1414.99,0.8394,0.38845,0.89053,0.99756,1,0.995,0.80694,0.81979,0.34338,0.8838,0.000540848,0.000540848,0.000540848
164,1424.39,0.86014,0.38504,0.91636,0.99555,0.99889,0.995,0.80591,0.81469,0.3493,0.88006,0.000540557,0.000540557,0.000540557
165,1432.65,0.85605,0.38267,0.89205,0.99711,0.99999,0.99471,0.80947,0.81777,0.35129,0.88148,0.000540266,0.000540266,0.000540266
166,1442.18,0.85582,0.39537,0.8907,0.99775,1,0.995,0.80005,0.82349,0.34838,0.88361,0.000539975,0.000539975,0.000539975
167,1451.11,0.86494,0.39132,0.9061,0.99731,1,0.995,0.80135,0.83016,0.35263,0.88492,0.000539684,0.000539684,0.000539684
168,1459.22,0.86869,0.3915,0.88392,0.9959,1,0.995,0.80419,0.82138,0.34403,0.88148,0.000539393,0.000539393,0.000539393
169,1468.17,0.86029,0.3829,0.89592,0.99738,1,0.995,0.81576,0.80291,0.34372,0.87732,0.000539102,0.000539102,0.000539102
170,1477.87,0.87076,0.39926,0.88146,0.99683,1,0.995,0.80656,0.83554,0.34562,0.8876,0.000538811,0.000538811,0.000538811
171,1486.16,0.86478,0.38394,0.87788,0.9976,1,0.995,0.80584,0.83548,0.34196,0.88517,0.00053852,0.00053852,0.00053852
172,1493.31,0.81326,0.37152,0.82607,0.99769,1,0.995,0.81567,0.7924,0.33451,0.87721,0.000538229,0.000538229,0.000538229
173,1501.19,0.85785,0.38759,0.87975,0.99779,1,0.995,0.80794,0.8042,0.34138,0.87875,0.000537938,0.000537938,0.000537938
174,1511.19,0.83734,0.37332,0.91477,0.99516,1,0.995,0.81404,0.79811,0.33614,0.8776,0.000537647,0.000537647,0.000537647
175,1519.21,0.83452,0.37777,0.87596,0.99775,0.99948,0.995,0.81451,0.79691,0.33867,0.87648,0.000537356,0.000537356,0.000537356
176,1528.04,0.84084,0.37914,0.88846,0.99784,1,0.99499,0.81115,0.80965,0.33912,0.88057,0.000537064,0.000537064,0.000537064
177,1536.78,0.84799,0.38255,0.87923,0.99744,1,0.995,0.81384,0.81022,0.33894,0.87958,0.000536773,0.000536773,0.000536773
178,1546.04,0.83868,0.37168,0.90529,0.9974,1,0.99486,0.81358,0.81694,0.33786,0.88355,0.000536482,0.000536482,0.000536482
179,1555.7,0.84994,0.38905,0.90599,0.99611,0.99921,0.99477,0.82127,0.78837,0.33425,0.87822,0.000536191,0.000536191,0.000536191
180,1564.01,0.87384,0.3829,0.88284,0.99626,0.9987,0.995,0.81721,0.79696,0.34057,0.87918,0.0005359,0.0005359,0.0005359
181,1572.56,0.88296,0.38764,0.89352,0.99744,1,0.995,0.8044,0.80421,0.33852,0.87887,0.000535609,0.000535609,0.000535609
182,1581.55,0.84972,0.38489,0.88428,0.99687,0.99962,0.995,0.8105,0.80482,0.34056,0.87979,0.000535318,0.000535318,0.000535318
183,1588.45,0.91047,0.39907,0.8911,0.99634,1,0.995,0.81076,0.82175,0.33798,0.88008,0.000535027,0.000535027,0.000535027
184,1596.1,0.8459,0.38348,0.86974,0.99622,1,0.995,0.81936,0.78721,0.3353,0.87605,0.000534736,0.000534736,0.000534736
185,1604.36,0.86781,0.3908,0.90367,0.99777,0.99936,0.995,0.82213,0.79248,0.33737,0.87651,0.000534445,0.000534445,0.000534445
186,1613.07,0.85219,0.37854,0.89091,0.99671,0.99931,0.995,0.81698,0.81658,0.3347,0.88549,0.000534154,0.000534154,0.000534154
187,1620.86,0.86936,0.39514,0.88761,0.99695,0.99939,0.995,0.81985,0.80378,0.33542,0.88123,0.000533863,0.000533863,0.000533863
188,1629.58,0.84243,0.3721,0.88571,0.99761,0.99939,0.995,0.82207,0.7882,0.33051,0.87507,0.000533572,0.000533572,0.000533572
189,1637.33,0.79735,0.36226,0.82831,0.99798,0.99988,0.995,0.82787,0.78487,0.32719,0.8754,0.000533281,0.000533281,0.000533281
190,1646.38,0.82889,0.37871,0.88324,0.99666,0.99962,0.99497,0.81385,0.80398,0.33456,0.87635,0.00053299,0.00053299,0.00053299
191,1655.93,0.84493,0.37192,0.88672,0.99738,0.99889,0.995,0.82235,0.76968,0.32999,0.86777,0.000532699,0.000532699,0.000532699
192,1665.48,0.82853,0.37178,0.89984,0.99659,0.9993,0.99497,0.81773,0.77607,0.33047,0.87032,0.000532408,0.000532408,0.000532408
193,1673.42,0.8172,0.38272,0.88335,0.99452,0.9977,0.99402,0.81622,0.77845,0.33751,0.87024,0.000532116,0.000532116,0.000532116
194,1684.05,0.85343,0.37824,0.89606,0.99724,0.99989,0.99494,0.81982,0.78266,0.33161,0.87101,0.000531825,0.000531825,0.000531825
195,1692.73,0.82322,0.37038,0.88691,0.99555,0.99936,0.995,0.82645,0.77091,0.32887,0.86811,0.000531534,0.000531534,0.000531534
196,1701.66,0.80146,0.3545,0.8691,0.99806,1,0.995,0.82514,0.76416,0.32469,0.86716,0.000531243,0.000531243,0.000531243
197,1710.79,0.81666,0.36236,0.88463,0.99758,1,0.995,0.82145,0.7944,0.32926,0.87334,0.000530952,0.000530952,0.000530952
198,1719.22,0.83865,0.38358,0.87505,0.99752,0.99982,0.995,0.82324,0.77427,0.32623,0.87005,0.000530661,0.000530661,0.000530661
199,1727.42,0.81354,0.36477,0.86217,0.99737,0.99952,0.995,0.82131,0.77646,0.33059,0.87231,0.00053037,0.00053037,0.00053037
200,1735.62,0.80934,0.36977,0.87935,0.99682,0.99973,0.99498,0.82792,0.76166,0.33118,0.869,0.000530079,0.000530079,0.000530079
201,1745.25,0.81592,0.3673,0.88421,0.99706,0.99951,0.995,0.82971,0.75563,0.32834,0.86614,0.000529788,0.000529788,0.000529788
202,1753.58,0.8005,0.3678,0.86627,0.99563,1,0.99499,0.82615,0.77932,0.33091,0.87072,0.000529497,0.000529497,0.000529497
203,1760.84,0.8187,0.371,0.86432,0.99467,0.99956,0.99497,0.82814,0.76718,0.32756,0.86961,0.000529206,0.000529206,0.000529206
204,1769.83,0.79503,0.35332,0.8961,0.99815,0.99956,0.995,0.83458,0.75357,0.32122,0.86646,0.000528915,0.000528915,0.000528915
205,1778.81,0.78651,0.35713,0.87235,0.99791,0.99988,0.995,0.83081,0.75385,0.32002,0.86621,0.000528624,0.000528624,0.000528624
206,1786.85,0.78186,0.36188,0.86234,0.99787,0.99928,0.995,0.83377,0.74738,0.32054,0.86578,0.000528333,0.000528333,0.000528333
207,1795.24,0.80267,0.36638,0.87143,0.99843,0.9999,0.995,0.82912,0.75842,0.32578,0.86686,0.000528042,0.000528042,0.000528042
208,1804.7,0.80713,0.36989,0.87872,0.99778,1,0.995,0.83113,0.76683,0.32837,0.8692,0.000527751,0.000527751,0.000527751
209,1812.93,0.81064,0.36851,0.88033,0.99667,0.99973,0.995,0.82902,0.74541,0.31872,0.8652,0.00052746,0.00052746,0.00052746
210,1821.48,0.77486,0.35088,0.82518,0.99529,1,0.995,0.83153,0.74839,0.32636,0.86771,0.000527168,0.000527168,0.000527168
211,1829.97,0.83533,0.37791,0.91396,0.99671,1,0.995,0.83559,0.73958,0.32071,0.86345,0.000526877,0.000526877,0.000526877
212,1838.84,0.79643,0.36529,0.87043,0.99687,1,0.995,0.82336,0.76863,0.32707,0.87024,0.000526586,0.000526586,0.000526586
213,1846.93,0.82763,0.38452,0.88828,0.99427,0.99963,0.99497,0.82877,0.75676,0.32769,0.86688,0.000526295,0.000526295,0.000526295
214,1855.41,0.7972,0.36233,0.87838,0.99778,1,0.995,0.82503,0.76717,0.32239,0.86936,0.000526004,0.000526004,0.000526004
215,1863.15,0.82555,0.36686,0.87043,0.99678,0.99958,0.99496,0.83412,0.73928,0.32175,0.86495,0.000525713,0.000525713,0.000525713
216,1871.74,0.81519,0.36789,0.88721,0.99799,0.99865,0.995,0.83198,0.74086,0.31975,0.86558,0.000525422,0.000525422,0.000525422
217,1879.48,0.82119,0.36795,0.87394,0.99743,1,0.995,0.83168,0.75301,0.3159,0.86755,0.000525131,0.000525131,0.000525131
218,1888.21,0.80676,0.36623,0.8816,0.99772,0.99772,0.995,0.83084,0.74701,0.31984,0.86629,0.00052484,0.00052484,0.00052484
219,1896.74,0.80742,0.36815,0.87707,0.9969,0.99944,0.995,0.84191,0.72376,0.31579,0.86067,0.000524549,0.000524549,0.000524549
220,1906.08,0.79143,0.35818,0.86338,0.99816,0.99989,0.995,0.83747,0.72785,0.31277,0.85871,0.000524258,0.000524258,0.000524258
221,1913.58,0.79095,0.35916,0.86925,0.99538,0.99905,0.995,0.83285,0.7494,0.32367,0.86142,0.000523967,0.000523967,0.000523967
222,1922.45,0.83981,0.37041,0.88355,0.99638,0.99934,0.9949,0.83499,0.73314,0.31885,0.85947,0.000523676,0.000523676,0.000523676
223,1931.44,0.78759,0.36031,0.8753,0.99716,0.99997,0.995,0.83792,0.72602,0.31208,0.85925,0.000523385,0.000523385,0.000523385
224,1939.74,0.8138,0.36025,0.88764,0.99864,1,0.995,0.83157,0.74722,0.31641,0.86523,0.000523094,0.000523094,0.000523094
225,1948.37,0.81794,0.3716,0.87716,0.9972,1,0.995,0.83465,0.75154,0.3172,0.86544,0.000522803,0.000522803,0.000522803
226,1957.13,0.83785,0.3754,0.88415,0.99812,1,0.995,0.84211,0.72855,0.31823,0.86025,0.000522511,0.000522511,0.000522511
227,1966.67,0.78832,0.36053,0.88209,0.99812,1,0.995,0.84565,0.72317,0.31207,0.85876,0.00052222,0.00052222,0.00052222
228,1974.87,0.79937,0.35235,0.87107,0.99857,0.99926,0.995,0.83448,0.737,0.31885,0.86148,0.000521929,0.000521929,0.000521929
229,1985.72,0.7826,0.35098,0.88856,0.99843,0.99938,0.995,0.84687,0.70696,0.30769,0.85419,0.000521638,0.000521638,0.000521638
230,1994.77,0.79767,0.35574,0.87452,0.99797,1,0.995,0.83847,0.73607,0.31929,0.86242,0.000521347,0.000521347,0.000521347
231,2002.58,0.78883,0.35074,0.86581,0.9983,1,0.995,0.8449,0.71927,0.30848,0.85736,0.000521056,0.000521056,0.000521056
232,2009.99,0.75837,0.34686,0.85758,0.99775,1,0.995,0.85246,0.69882,0.30477,0.85194,0.000520765,0.000520765,0.000520765
233,2018.02,0.78918,0.36111,0.87769,0.99812,0.99925,0.995,0.84762,0.70923,0.31377,0.85401,0.000520474,0.000520474,0.000520474
234,2026.43,0.76506,0.34907,0.8595,0.9954,0.99553,0.99499,0.84325,0.72982,0.31576,0.85787,0.000520183,0.000520183,0.000520183
235,2034.69,0.77687,0.35388,0.86222,0.99815,1,0.995,0.84488,0.71171,0.3122,0.85455,0.000519892,0.000519892,0.000519892
236,2043.08,0.80052,0.36177,0.87453,0.99712,1,0.995,0.84164,0.71095,0.3083,0.85477,0.000519601,0.000519601,0.000519601
237,2051.24,0.79749,0.36262,0.88537,0.99737,1,0.995,0.84363,0.71076,0.31223,0.85694,0.00051931,0.00051931,0.00051931
238,2060.57,0.79907,0.35412,0.87795,0.99799,1,0.995,0.8406,0.7294,0.31397,0.85957,0.000519019,0.000519019,0.000519019
239,2068.53,0.79073,0.35511,0.86594,0.99723,0.99981,0.995,0.84354,0.72198,0.31227,0.85658,0.000518728,0.000518728,0.000518728
240,2076.77,0.80246,0.35589,0.87002,0.99767,1,0.995,0.8479,0.70878,0.30961,0.85447,0.000518437,0.000518437,0.000518437
241,2085.68,0.79224,0.35422,0.86836,0.99762,0.99911,0.995,0.84822,0.70489,0.3111,0.85256,0.000518146,0.000518146,0.000518146
242,2092.75,0.76168,0.35018,0.85096,0.99844,0.99912,0.995,0.84986,0.69813,0.30944,0.852,0.000517855,0.000517855,0.000517855
243,2101.84,0.78002,0.34897,0.87041,0.99826,0.9996,0.995,0.85029,0.70492,0.30712,0.85309,0.000517563,0.000517563,0.000517563
244,2112.8,0.78146,0.35005,0.89782,0.99807,0.99975,0.995,0.85114,0.6926,0.30961,0.84994,0.000517272,0.000517272,0.000517272
245,2121.98,0.75379,0.35763,0.87189,0.99812,0.99937,0.995,0.85417,0.68444,0.30165,0.84802,0.000516981,0.000516981,0.000516981
246,2129.91,0.78067,0.35282,0.85514,0.99775,0.99953,0.995,0.86168,0.66832,0.29923,0.84624,0.00051669,0.00051669,0.00051669
247,2139.57,0.74376,0.34451,0.86646,0.99694,1,0.995,0.85721,0.67265,0.30722,0.84615,0.000516399,0.000516399,0.000516399
248,2147.94,0.77185,0.35541,0.85928,0.99711,1,0.99499,0.85208,0.67836,0.30041,0.84639,0.000516108,0.000516108,0.000516108
249,2155.61,0.78258,0.35135,0.86571,0.99778,1,0.995,0.85633,0.68307,0.29756,0.84853,0.000515817,0.000515817,0.000515817
250,2163.72,0.76082,0.35509,0.86008,0.99677,1,0.995,0.85172,0.69401,0.30981,0.85135,0.000515526,0.000515526,0.000515526
251,2172,0.77441,0.35025,0.86638,0.99825,1,0.995,0.85326,0.68073,0.30346,0.84919,0.000515235,0.000515235,0.000515235
252,2180.17,0.82212,0.39323,0.8689,0.99757,0.99981,0.995,0.85671,0.67363,0.29876,0.84843,0.000514944,0.000514944,0.000514944
253,2188.66,0.76618,0.34609,0.86226,0.99801,0.99898,0.995,0.84787,0.69393,0.30159,0.85099,0.000514653,0.000514653,0.000514653
254,2196.72,0.80532,0.36437,0.85588,0.99788,0.99937,0.995,0.85116,0.69676,0.29945,0.85063,0.000514362,0.000514362,0.000514362
255,2204.07,0.76165,0.34814,0.85023,0.9979,0.99962,0.995,0.85988,0.68073,0.2989,0.84625,0.000514071,0.000514071,0.000514071
256,2211.53,0.75345,0.34328,0.8483,0.99782,0.99993,0.995,0.85543,0.67827,0.30503,0.84681,0.00051378,0.00051378,0.00051378
257,2221.38,0.76074,0.3389,0.88398,0.99511,0.99841,0.99474,0.85097,0.68852,0.30898,0.84836,0.000513489,0.000513489,0.000513489
258,2228.6,0.76044,0.34428,0.85372,0.99803,1,0.995,0.85344,0.68416,0.30236,0.84708,0.000513198,0.000513198,0.000513198
259,2237.15,0.76029,0.34089,0.87343,0.99859,0.99966,0.995,0.85444,0.67929,0.30078,0.84742,0.000512907,0.000512907,0.000512907
260,2245.96,0.74989,0.33723,0.86762,0.9981,1,0.995,0.85043,0.68827,0.29981,0.8493,0.000512615,0.000512615,0.000512615
261,2253.89,0.73775,0.33453,0.85212,0.99837,1,0.995,0.86198,0.66697,0.29454,0.84617,0.000512324,0.000512324,0.000512324
262,2263.69,0.76684,0.34401,0.88083,0.99838,1,0.995,0.8605,0.66823,0.29527,0.84663,0.000512033,0.000512033,0.000512033
263,2272.3,0.75644,0.33337,0.87115,0.99768,1,0.995,0.85927,0.65665,0.29153,0.84352,0.000511742,0.000511742,0.000511742
264,2279.43,0.74294,0.3402,0.85872,0.99827,1,0.995,0.86061,0.65989,0.29423,0.84446,0.000511451,0.000511451,0.000511451
265,2287.14,0.77804,0.34888,0.87072,0.99773,1,0.995,0.85959,0.66003,0.29193,0.84463,0.00051116,0.00051116,0.00051116
266,2295.96,0.75538,0.33921,0.87404,0.99731,1,0.995,0.86341,0.65678,0.29364,0.84317,0.000510869,0.000510869,0.000510869
267,2304.67,0.75915,0.34727,0.85265,0.99839,1,0.995,0.85696,0.67592,0.29571,0.84497,0.000510578,0.000510578,0.000510578
268,2313.86,0.77711,0.34783,0.87147,0.99825,0.99991,0.995,0.85607,0.67642,0.30012,0.84521,0.000510287,0.000510287,0.000510287
269,2320.72,0.79852,0.67814,0.90471,0.99685,0.99854,0.99486,0.85821,0.66271,0.29788,0.84432,0.000509996,0.000509996,0.000509996
270,2329.58,0.7437,0.34393,0.87241,0.99317,0.99796,0.99492,0.85024,0.68454,0.30379,0.8481,0.000509705,0.000509705,0.000509705
271,2337,0.75302,0.34069,0.85772,0.99691,0.99809,0.995,0.85376,0.667,0.29519,0.84482,0.000509414,0.000509414,0.000509414
272,2345.82,0.76211,0.34071,0.87217,0.99786,0.99996,0.995,0.85943,0.65843,0.29123,0.84303,0.000509123,0.000509123,0.000509123
273,2354.77,0.71585,0.32989,0.85624,0.99722,0.99956,0.995,0.8629,0.6451,0.28422,0.84205,0.000508832,0.000508832,0.000508832
274,2362.8,0.72826,0.33481,0.8616,0.99805,1,0.99458,0.86029,0.64547,0.28707,0.84337,0.000508541,0.000508541,0.000508541
275,2371.27,0.78281,0.35955,0.86373,0.99683,1,0.99458,0.85915,0.65325,0.29344,0.84369,0.00050825,0.00050825,0.00050825
276,2380.88,0.75362,0.3564,0.87182,0.99789,1,0.995,0.84838,0.68038,0.30068,0.84805,0.000507959,0.000507959,0.000507959
277,2389.03,0.75535,0.34246,0.8537,0.99842,0.9997,0.995,0.85591,0.66515,0.29919,0.84656,0.000507667,0.000507667,0.000507667
278,2398.05,0.75322,0.34391,0.85402,0.99795,0.99976,0.995,0.86079,0.66655,0.29209,0.84406,0.000507376,0.000507376,0.000507376
279,2406.89,0.72369,0.34136,0.87041,0.99813,0.99976,0.995,0.86358,0.65146,0.28997,0.83966,0.000507085,0.000507085,0.000507085
280,2414.85,0.72372,0.34551,0.84523,0.99782,1,0.995,0.85347,0.68013,0.29778,0.84623,0.000506794,0.000506794,0.000506794
281,2423.65,0.75071,0.34081,0.857,0.9976,0.99996,0.995,0.86015,0.64803,0.29105,0.83872,0.000506503,0.000506503,0.000506503
282,2431.95,0.76046,0.36063,0.86904,0.99616,0.99993,0.99498,0.85868,0.66054,0.29652,0.84195,0.000506212,0.000506212,0.000506212
283,2439.82,0.75449,0.34671,0.84894,0.99741,1,0.995,0.85616,0.67432,0.29833,0.84549,0.000505921,0.000505921,0.000505921
284,2448.48,0.76864,0.35543,0.86469,0.99793,1,0.995,0.85889,0.66613,0.2945,0.84343,0.00050563,0.00050563,0.00050563
285,2457.64,0.72512,0.33378,0.86606,0.99817,1,0.995,0.86792,0.63538,0.28715,0.83868,0.000505339,0.000505339,0.000505339
286,2467.12,0.72759,0.33942,0.85341,0.99871,1,0.995,0.8668,0.63967,0.28285,0.83994,0.000505048,0.000505048,0.000505048
287,2475.25,0.74128,0.34014,0.8626,0.99804,1,0.995,0.86312,0.64335,0.2921,0.8422,0.000504757,0.000504757,0.000504757
288,2484.27,0.72279,0.34006,0.85386,0.99821,1,0.995,0.86445,0.63589,0.28954,0.83973,0.000504466,0.000504466,0.000504466
289,2492.78,0.74221,0.34699,0.8513,0.99839,1,0.995,0.8661,0.63758,0.29036,0.8381,0.000504175,0.000504175,0.000504175
290,2502.26,0.72908,0.33291,0.8655,0.99831,1,0.995,0.86834,0.63353,0.28406,0.83619,0.000503884,0.000503884,0.000503884
291,2510.85,0.74556,0.34511,0.85783,0.9974,0.99926,0.995,0.86638,0.63165,0.2841,0.83701,0.000503593,0.000503593,0.000503593
292,2518.58,0.7247,0.33709,0.85033,0.99824,0.99941,0.995,0.86083,0.64959,0.28715,0.84109,0.000503302,0.000503302,0.000503302
293,2526.77,0.71168,0.33031,0.85715,0.99824,0.99997,0.995,0.86765,0.64068,0.28225,0.83955,0.00050301,0.00050301,0.00050301
294,2535.1,0.71974,0.33396,0.85319,0.99781,0.99998,0.995,0.86899,0.62406,0.28014,0.83713,0.000502719,0.000502719,0.000502719
295,2543.34,0.72124,0.33418,0.84251,0.99699,0.99951,0.995,0.86744,0.62052,0.28426,0.83659,0.000502428,0.000502428,0.000502428
296,2552.39,0.7092,0.33276,0.85497,0.998,1,0.995,0.87328,0.6081,0.2772,0.83218,0.000502137,0.000502137,0.000502137
297,2562.81,0.71865,0.33133,0.86091,0.9982,1,0.995,0.87045,0.6241,0.2839,0.83437,0.000501846,0.000501846,0.000501846
298,2572.8,0.73019,0.34363,0.86927,0.99815,1,0.995,0.86842,0.62281,0.28327,0.83406,0.000501555,0.000501555,0.000501555
299,2582.38,0.71213,0.329,0.86717,0.99434,0.99472,0.99411,0.86894,0.62613,0.30331,0.83418,0.000501264,0.000501264,0.000501264
300,2591.13,0.73746,0.34138,0.84549,0.9978,0.99954,0.995,0.87168,0.62397,0.28601,0.83476,0.000500973,0.000500973,0.000500973
301,2598.64,0.76152,0.34847,0.86816,0.99857,1,0.995,0.86902,0.63747,0.28587,0.83901,0.000500682,0.000500682,0.000500682
302,2606.28,0.75002,0.34773,0.85775,0.99735,0.99923,0.99485,0.87029,0.61741,0.28302,0.83448,0.000500391,0.000500391,0.000500391
303,2615.59,0.71159,0.32962,0.85841,0.9974,0.9999,0.995,0.87007,0.61844,0.28249,0.83457,0.0005001,0.0005001,0.0005001
304,2624.24,0.70085,0.33319,0.85292,0.99824,1,0.995,0.86602,0.63645,0.28731,0.83603,0.000499809,0.000499809,0.000499809
305,2631.32,0.71442,0.3465,0.84494,0.9972,0.99687,0.99499,0.86851,0.62114,0.29004,0.83482,0.000499518,0.000499518,0.000499518
306,2638.63,0.72433,0.33109,0.83817,0.9972,0.99878,0.995,0.87117,0.61782,0.28193,0.83519,0.000499227,0.000499227,0.000499227
307,2647.58,0.70948,0.32965,0.85004,0.99598,0.99887,0.995,0.86978,0.61381,0.28288,0.83429,0.000498936,0.000498936,0.000498936
308,2657.6,0.70652,0.32613,0.86827,0.99737,0.99452,0.99499,0.86759,0.63104,0.29324,0.83614,0.000498645,0.000498645,0.000498645
309,2664.81,0.72391,0.32634,0.83998,0.99695,0.99509,0.99499,0.86962,0.62612,0.28893,0.83542,0.000498354,0.000498354,0.000498354
310,2673.07,0.73278,0.34533,0.88293,0.99774,0.99817,0.995,0.87262,0.61047,0.28001,0.83265,0.000498062,0.000498062,0.000498062
311,2680.87,0.69688,0.33075,0.83873,0.99831,0.99951,0.995,0.86404,0.64091,0.28339,0.83846,0.000497771,0.000497771,0.000497771
312,2690.11,0.70093,0.33446,0.85602,0.99838,0.99931,0.995,0.87653,0.59993,0.27308,0.83045,0.00049748,0.00049748,0.00049748
313,2699.8,0.70619,0.32912,0.84651,0.99773,0.99975,0.99456,0.87356,0.61631,0.27897,0.83364,0.000497189,0.000497189,0.000497189
314,2707.13,0.75151,0.35198,0.85179,0.99817,1,0.99459,0.87059,0.61032,0.27676,0.83207,0.000496898,0.000496898,0.000496898
315,2715.92,0.71551,0.33562,0.85924,0.99818,1,0.995,0.87045,0.60897,0.28128,0.83326,0.000496607,0.000496607,0.000496607
316,2727.14,0.74186,0.34522,0.87506,0.99696,0.99917,0.995,0.87527,0.59591,0.28093,0.83092,0.000496316,0.000496316,0.000496316
317,2736.58,0.70054,0.32739,0.85761,0.99749,0.99992,0.995,0.87206,0.61349,0.28139,0.83207,0.000496025,0.000496025,0.000496025
318,2744.77,0.66861,0.31891,0.84183,0.99778,1,0.995,0.86969,0.62709,0.27791,0.83471,0.000495734,0.000495734,0.000495734
319,2753.74,0.71363,0.32758,0.85777,0.99756,0.99849,0.99499,0.87959,0.60228,0.27913,0.82959,0.000495443,0.000495443,0.000495443
320,2761.89,0.72551,0.33523,0.84253,0.99758,0.99994,0.995,0.87716,0.60024,0.27869,0.8288,0.000495152,0.000495152,0.000495152
321,2770.95,0.71739,0.3282,0.85649,0.99786,0.99968,0.995,0.88091,0.58697,0.27354,0.82721,0.000494861,0.000494861,0.000494861
322,2781.34,0.69699,0.32193,0.8582,0.9978,0.99927,0.995,0.87648,0.60439,0.28046,0.82962,0.00049457,0.00049457,0.00049457
323,2791.98,0.72807,0.33372,0.88293,0.99798,0.99922,0.995,0.88008,0.58761,0.27638,0.82769,0.000494279,0.000494279,0.000494279
324,2801.48,0.70296,0.32925,0.85978,0.99844,0.99955,0.995,0.8798,0.58683,0.27428,0.82862,0.000493988,0.000493988,0.000493988
325,2810.19,0.70605,0.33268,0.84423,0.99749,1,0.995,0.87823,0.59706,0.27499,0.83021,0.000493697,0.000493697,0.000493697
326,2820.85,0.7216,0.32404,0.86216,0.99699,0.99923,0.995,0.88253,0.59637,0.27438,0.82908,0.000493405,0.000493405,0.000493405
327,2829.96,0.66276,0.30856,0.80278,0.99709,0.99872,0.995,0.87865,0.58532,0.27035,0.82754,0.000493114,0.000493114,0.000493114
328,2837.55,0.69094,0.31992,0.83964,0.99728,0.99955,0.995,0.87523,0.59741,0.27019,0.82999,0.000492823,0.000492823,0.000492823
329,2847.02,0.72631,0.3383,0.85646,0.99784,0.99943,0.995,0.87956,0.5897,0.27202,0.82831,0.000492532,0.000492532,0.000492532
330,2855.79,0.69967,0.32779,0.85179,0.99773,0.99975,0.995,0.87146,0.60676,0.2727,0.83128,0.000492241,0.000492241,0.000492241
331,2865.31,0.66056,0.31027,0.85059,0.99786,1,0.995,0.87818,0.59778,0.27157,0.83046,0.00049195,0.00049195,0.00049195
332,2873.62,0.70133,0.32673,0.84884,0.99807,0.99979,0.995,0.88156,0.58527,0.26989,0.82693,0.000491659,0.000491659,0.000491659
333,2882.01,0.70182,0.32579,0.8499,0.99822,1,0.995,0.88116,0.57799,0.26682,0.82664,0.000491368,0.000491368,0.000491368
334,2891.67,0.70673,0.32391,0.86039,0.99855,1,0.995,0.8802,0.58871,0.26965,0.82809,0.000491077,0.000491077,0.000491077
335,2900.89,0.69009,0.31516,0.85852,0.99741,0.99941,0.995,0.88487,0.57549,0.26674,0.82612,0.000490786,0.000490786,0.000490786
336,2909.41,0.69533,0.32497,0.84529,0.99806,1,0.995,0.88334,0.5817,0.27132,0.82755,0.000490495,0.000490495,0.000490495
337,2916.25,0.71343,0.33194,0.83456,0.99829,1,0.995,0.884,0.57487,0.26487,0.8262,0.000490204,0.000490204,0.000490204
338,2925.23,0.70471,0.33056,0.85513,0.99719,0.99914,0.995,0.88977,0.57214,0.26563,0.82487,0.000489913,0.000489913,0.000489913
339,2934.23,0.66651,0.31083,0.83933,0.99639,0.99853,0.995,0.89126,0.56779,0.26355,0.82515,0.000489622,0.000489622,0.000489622
340,2941.87,0.69836,0.3217,0.84316,0.9975,0.99874,0.995,0.88777,0.56658,0.26401,0.82459,0.000489331,0.000489331,0.000489331
341,2949.96,0.67989,0.31896,0.833,0.99768,0.99716,0.99497,0.88671,0.57369,0.27126,0.82466,0.00048904,0.00048904,0.00048904
342,2957.87,0.69911,0.32144,0.85097,0.99792,1,0.995,0.88113,0.58475,0.27079,0.82645,0.000488749,0.000488749,0.000488749
343,2966.27,0.6734,0.31506,0.84927,0.9979,1,0.995,0.88264,0.58312,0.27241,0.82739,0.000488457,0.000488457,0.000488457
344,2973.74,0.67978,0.31723,0.83642,0.99774,1,0.995,0.883,0.58114,0.26723,0.82616,0.000488166,0.000488166,0.000488166
345,2983.83,0.6427,0.31464,0.81022,0.99767,1,0.995,0.88485,0.58544,0.26593,0.82745,0.000487875,0.000487875,0.000487875
346,2993.75,0.66883,0.31268,0.85082,0.99803,1,0.995,0.88837,0.57779,0.26554,0.82553,0.000487584,0.000487584,0.000487584
347,3002.19,0.69089,0.31929,0.84805,0.99722,1,0.995,0.88464,0.57866,0.27064,0.82576,0.000487293,0.000487293,0.000487293
348,3009.17,0.70313,0.33015,0.82796,0.99844,1,0.995,0.88176,0.59462,0.26991,0.82884,0.000487002,0.000487002,0.000487002
349,3019.67,0.68084,0.32018,0.84987,0.99849,1,0.995,0.88437,0.58051,0.2673,0.82646,0.000486711,0.000486711,0.000486711
350,3027.39,0.68521,0.32116,0.833,0.99772,1,0.995,0.88881,0.56778,0.26846,0.82462,0.00048642,0.00048642,0.00048642
351,3036.53,0.66341,0.31959,0.84961,0.99812,0.99938,0.995,0.8878,0.57514,0.26663,0.82522,0.000486129,0.000486129,0.000486129
352,3045.19,0.65291,0.30822,0.83985,0.99818,1,0.995,0.88796,0.57255,0.27012,0.82468,0.000485838,0.000485838,0.000485838
353,3054.91,0.63254,0.29591,0.80645,0.99856,1,0.995,0.8875,0.56226,0.26634,0.82306,0.000485547,0.000485547,0.000485547
354,3063.01,0.71424,0.32661,0.85986,0.99801,1,0.995,0.89158,0.55738,0.26005,0.82236,0.000485256,0.000485256,0.000485256
355,3072.67,0.67545,0.31604,0.85869,0.99827,1,0.995,0.8913,0.56723,0.26022,0.82518,0.000484965,0.000484965,0.000484965
356,3081.12,0.6722,0.31189,0.85449,0.99807,1,0.995,0.89352,0.55429,0.25758,0.82155,0.000484674,0.000484674,0.000484674
357,3088.19,0.69804,0.32505,0.83196,0.99772,1,0.995,0.8945,0.54905,0.25755,0.81955,0.000484383,0.000484383,0.000484383
358,3097.58,0.68967,0.31851,0.83994,0.99828,0.99985,0.995,0.88694,0.56609,0.26207,0.82393,0.000484092,0.000484092,0.000484092
359,3107.08,0.67395,0.31039,0.85206,0.99848,0.99903,0.995,0.89225,0.551,0.25982,0.82125,0.000483801,0.000483801,0.000483801
360,3114.43,0.64429,0.307,0.83052,0.99691,0.9982,0.995,0.89888,0.53639,0.25484,0.81821,0.000483509,0.000483509,0.000483509
361,3123.59,0.63828,0.30962,0.84721,0.99851,1,0.995,0.89963,0.52784,0.25021,0.81623,0.000483218,0.000483218,0.000483218
362,3132.35,0.69518,0.32428,0.83324,0.99864,1,0.995,0.89136,0.55378,0.25996,0.81922,0.000482927,0.000482927,0.000482927
363,3140.67,0.6785,0.31991,0.85846,0.99803,1,0.995,0.88886,0.56045,0.26698,0.82052,0.000482636,0.000482636,0.000482636
364,3149.1,0.65743,0.30397,0.83632,0.99842,0.99999,0.995,0.89195,0.55466,0.26051,0.82058,0.000482345,0.000482345,0.000482345
365,3157.47,0.63231,0.30308,0.83824,0.99826,1,0.995,0.89707,0.54191,0.2592,0.81766,0.000482054,0.000482054,0.000482054
366,3166.58,0.67514,0.31,0.85776,0.99705,1,0.995,0.89486,0.54756,0.25895,0.81896,0.000481763,0.000481763,0.000481763
367,3174.72,0.68906,0.3257,0.8466,0.99718,0.99998,0.995,0.89621,0.54968,0.25926,0.81849,0.000481472,0.000481472,0.000481472
368,3183.66,0.65146,0.3076,0.84179,0.99595,1,0.995,0.89582,0.54956,0.25895,0.81984,0.000481181,0.000481181,0.000481181
369,3190.55,0.67247,0.31893,0.83169,0.99756,1,0.995,0.89275,0.55474,0.25763,0.82034,0.00048089,0.00048089,0.00048089
370,3200.03,0.65108,0.31626,0.8431,0.99774,0.99967,0.995,0.88608,0.56985,0.25903,0.8226,0.000480599,0.000480599,0.000480599
371,3208.51,0.63198,0.2989,0.83705,0.9982,1,0.995,0.89417,0.55002,0.25552,0.81874,0.000480308,0.000480308,0.000480308
372,3218.62,0.64108,0.30143,0.85496,0.99831,1,0.995,0.90366,0.52031,0.24943,0.81454,0.000480017,0.000480017,0.000480017
373,3228.64,0.64785,0.31169,0.83636,0.998,0.99952,0.995,0.88892,0.56474,0.26086,0.82195,0.000479726,0.000479726,0.000479726
374,3236.46,0.6733,0.31215,0.83458,0.99755,0.99885,0.99488,0.89484,0.5451,0.25671,0.81859,0.000479435,0.000479435,0.000479435
375,3244.1,0.67236,0.31237,0.82912,0.99811,1,0.995,0.89584,0.54711,0.25705,0.81906,0.000479144,0.000479144,0.000479144
376,3252.35,0.67404,0.33581,0.8462,0.99874,0.99993,0.995,0.89994,0.52511,0.2533,0.81598,0.000478852,0.000478852,0.000478852
377,3259.75,0.64146,0.31463,0.83039,0.99831,1,0.995,0.8975,0.54274,0.25705,0.81846,0.000478561,0.000478561,0.000478561
378,3267.8,0.65973,0.31666,0.83523,0.99839,1,0.995,0.89355,0.54562,0.25776,0.8186,0.00047827,0.00047827,0.00047827
379,3276.38,0.66762,0.31133,0.85166,0.99891,1,0.995,0.89383,0.55035,0.26233,0.81849,0.000477979,0.000477979,0.000477979
380,3282.79,0.69436,0.32953,0.83051,0.9986,0.99991,0.995,0.89653,0.53997,0.25972,0.81723,0.000477688,0.000477688,0.000477688
381,3291.81,0.65255,0.31497,0.83572,0.99821,1,0.995,0.90124,0.52911,0.25781,0.81515,0.000477397,0.000477397,0.000477397
382,3299.95,0.66836,0.32016,0.83184,0.99861,1,0.995,0.90009,0.52797,0.25301,0.81606,0.000477106,0.000477106,0.000477106
383,3309.65,0.61739,0.30216,0.85168,0.99826,1,0.995,0.90208,0.52145,0.24776,0.81549,0.000476815,0.000476815,0.000476815
384,3317.57,0.66195,0.319,0.84702,0.99867,0.99992,0.995,0.9001,0.52395,0.24923,0.81658,0.000476524,0.000476524,0.000476524
385,3326.46,0.67096,0.31131,0.86358,0.99836,1,0.995,0.89685,0.53387,0.25554,0.8189,0.000476233,0.000476233,0.000476233
386,3337.83,0.65834,0.30349,0.87533,0.99856,0.99985,0.995,0.89045,0.55322,0.25923,0.82139,0.000475942,0.000475942,0.000475942
387,3346.85,0.63697,0.30173,0.84357,0.99824,0.99942,0.995,0.89382,0.54456,0.2557,0.82039,0.000475651,0.000475651,0.000475651
388,3356.73,0.64883,0.30657,0.85383,0.99802,1,0.995,0.90236,0.53027,0.25045,0.81689,0.00047536,0.00047536,0.00047536
389,3365.13,0.62031,0.29703,0.83107,0.9979,1,0.995,0.90063,0.5236,0.25036,0.8162,0.000475069,0.000475069,0.000475069
390,3373.55,0.67205,0.31147,0.83876,0.9973,1,0.995,0.89981,0.52961,0.25344,0.81771,0.000474778,0.000474778,0.000474778
391,3382.05,0.65534,0.30663,0.8379,0.99672,0.99981,0.995,0.89684,0.53247,0.25733,0.81739,0.000474487,0.000474487,0.000474487
392,3389.75,0.62468,0.29728,0.8253,0.99679,1,0.995,0.90475,0.51199,0.24706,0.81505,0.000474196,0.000474196,0.000474196
393,3397.66,0.63521,0.30147,0.83038,0.99821,1,0.995,0.9015,0.53126,0.25253,0.81647,0.000473904,0.000473904,0.000473904
394,3406.79,0.62481,0.30719,0.83671,0.99765,1,0.995,0.90748,0.51877,0.25241,0.81502,0.000473613,0.000473613,0.000473613
395,3416.98,0.63084,0.30454,0.83846,0.99733,1,0.995,0.89863,0.52163,0.24956,0.81527,0.000473322,0.000473322,0.000473322
396,3425.47,0.6547,0.31252,0.83595,0.99827,1,0.995,0.90301,0.51508,0.24711,0.81589,0.000473031,0.000473031,0.000473031
397,3432.25,0.62445,0.30631,0.82779,0.99781,1,0.995,0.90437,0.52042,0.24763,0.81595,0.00047274,0.00047274,0.00047274
398,3441.3,0.62726,0.30105,0.83617,0.99801,1,0.995,0.90946,0.50487,0.24399,0.81253,0.000472449,0.000472449,0.000472449
399,3448.59,0.69446,0.31943,0.83294,0.99781,1,0.995,0.90789,0.50271,0.24291,0.81222,0.000472158,0.000472158,0.000472158
400,3457.7,0.61862,0.29778,0.83144,0.99199,0.99775,0.99186,0.90366,0.51126,0.25239,0.81358,0.000471867,0.000471867,0.000471867
401,3466.57,0.64736,0.30785,0.83103,0.99825,1,0.995,0.90744,0.50985,0.24731,0.81345,0.000471576,0.000471576,0.000471576
402,3474.58,0.63621,0.3089,0.82587,0.99802,1,0.995,0.90728,0.51198,0.25267,0.8133,0.000471285,0.000471285,0.000471285
403,3483.53,0.59546,0.2948,0.84026,0.99765,0.99984,0.995,0.91113,0.49794,0.24335,0.81128,0.000470994,0.000470994,0.000470994
404,3494.32,0.59001,0.2901,0.84283,0.99775,0.99991,0.995,0.90747,0.51476,0.24823,0.81428,0.000470703,0.000470703,0.000470703
405,3503.97,0.61706,0.29926,0.83336,0.99808,1,0.995,0.90647,0.50801,0.24844,0.8132,0.000470412,0.000470412,0.000470412
406,3511.19,0.66693,0.31862,0.81985,0.9971,1,0.995,0.90582,0.51028,0.25095,0.81297,0.000470121,0.000470121,0.000470121
407,3520.16,0.61559,0.2919,0.8383,0.99802,1,0.995,0.90718,0.49928,0.24208,0.8112,0.00046983,0.00046983,0.00046983
408,3528.33,0.6286,0.30104,0.84311,0.99677,1,0.995,0.90894,0.49929,0.24474,0.81057,0.000469539,0.000469539,0.000469539
409,3536.26,0.62358,0.30096,0.82402,0.99736,1,0.995,0.90309,0.52262,0.25249,0.81446,0.000469248,0.000469248,0.000469248
410,3543.73,0.60386,0.29392,0.82775,0.99802,1,0.995,0.9005,0.5184,0.24893,0.81435,0.000468956,0.000468956,0.000468956
411,3552,0.64584,0.30112,0.83771,0.99754,1,0.995,0.90387,0.51635,0.24637,0.81424,0.000468665,0.000468665,0.000468665
412,3560.57,0.62241,0.30113,0.83139,0.99754,1,0.995,0.90591,0.50785,0.24635,0.81223,0.000468374,0.000468374,0.000468374
413,3568.71,0.65608,0.31823,0.82283,0.99775,1,0.995,0.9081,0.50736,0.24703,0.81343,0.000468083,0.000468083,0.000468083
414,3576.49,0.62151,0.30082,0.82611,0.99851,1,0.995,0.90422,0.51838,0.25133,0.81322,0.000467792,0.000467792,0.000467792
415,3584.9,0.66027,0.31114,0.83144,0.99841,1,0.995,0.90673,0.51288,0.24879,0.81346,0.000467501,0.000467501,0.000467501
416,3594.56,0.62963,0.30359,0.83794,0.99819,1,0.995,0.90755,0.5145,0.24859,0.81368,0.00046721,0.00046721,0.00046721
417,3603.58,0.61748,0.29306,0.8401,0.99871,1,0.995,0.91052,0.4959,0.24418,0.81053,0.000466919,0.000466919,0.000466919
418,3610.97,0.67813,0.3178,0.82248,0.99857,1,0.995,0.91256,0.49368,0.24506,0.80987,0.000466628,0.000466628,0.000466628
419,3620.93,0.59191,0.28967,0.82705,0.99766,1,0.995,0.91169,0.49263,0.24548,0.80867,0.000466337,0.000466337,0.000466337
420,3629.77,0.61197,0.29251,0.83023,0.99804,1,0.995,0.91089,0.49984,0.24484,0.81149,0.000466046,0.000466046,0.000466046
421,3638.29,0.60915,0.29436,0.83649,0.99817,1,0.995,0.91254,0.48944,0.24018,0.809,0.000465755,0.000465755,0.000465755
422,3646.93,0.58713,0.28359,0.82542,0.99767,1,0.995,0.91346,0.48862,0.23847,0.81026,0.000465464,0.000465464,0.000465464
423,3655.22,0.62446,0.29691,0.81974,0.99744,1,0.995,0.9074,0.50108,0.24383,0.81097,0.000465173,0.000465173,0.000465173
424,3663.9,0.61939,0.29951,0.83865,0.99574,1,0.995,0.90704,0.50138,0.24233,0.81005,0.000464882,0.000464882,0.000464882
425,3670.61,0.6292,0.30468,0.81915,0.99692,1,0.995,0.90425,0.5191,0.24916,0.81423,0.000464591,0.000464591,0.000464591
426,3678.27,0.62054,0.29645,0.82691,0.99748,1,0.995,0.90291,0.54127,0.25048,0.81582,0.0004643,0.0004643,0.0004643
427,3687.89,0.61544,0.29243,0.84117,0.99815,1,0.995,0.90459,0.51327,0.24756,0.81331,0.000464008,0.000464008,0.000464008
428,3697.27,0.63244,0.29802,0.83987,0.99852,1,0.995,0.90703,0.49656,0.24292,0.81084,0.000463717,0.000463717,0.000463717
429,3706.31,0.57726,0.27748,0.79579,0.99799,1,0.995,0.91229,0.49498,0.23831,0.81083,0.000463426,0.000463426,0.000463426
430,3714.04,0.59999,0.28472,0.82276,0.9981,1,0.995,0.91714,0.48666,0.2356,0.80844,0.000463135,0.000463135,0.000463135
431,3723.14,0.59994,0.29412,0.82733,0.99845,1,0.995,0.91694,0.48221,0.23944,0.80832,0.000462844,0.000462844,0.000462844
432,3732.52,0.60616,0.28443,0.83552,0.99771,1,0.995,0.91769,0.48255,0.2359,0.80731,0.000462553,0.000462553,0.000462553
433,3743.1,0.59503,0.28707,0.83844,0.99707,1,0.995,0.90796,0.50321,0.24314,0.80919,0.000462262,0.000462262,0.000462262
434,3753.5,0.61513,0.29575,0.85402,0.99849,1,0.995,0.9074,0.50285,0.24051,0.80919,0.000461971,0.000461971,0.000461971
435,3763.29,0.59504,0.28932,0.83637,0.997,1,0.995,0.91103,0.49614,0.24113,0.80811,0.00046168,0.00046168,0.00046168
436,3771.64,0.6181,0.30914,0.82901,0.99821,1,0.995,0.9117,0.49195,0.24057,0.80761,0.000461389,0.000461389,0.000461389
437,3781.25,0.59899,0.29306,0.83243,0.99871,1,0.995,0.90889,0.50205,0.24467,0.81005,0.000461098,0.000461098,0.000461098
438,3789.16,0.63645,0.30914,0.82225,0.99844,1,0.995,0.90803,0.50928,0.24315,0.81257,0.000460807,0.000460807,0.000460807
439,3798.27,0.59569,0.2838,0.83947,0.9976,0.99974,0.995,0.91404,0.48789,0.24033,0.80932,0.000460516,0.000460516,0.000460516
440,3806.04,0.64127,0.30542,0.83948,0.99787,1,0.995,0.91612,0.48675,0.23846,0.80767,0.000460225,0.000460225,0.000460225
441,3814.01,0.60066,0.29084,0.82485,0.99797,1,0.995,0.91682,0.48507,0.24279,0.80896,0.000459934,0.000459934,0.000459934
442,3823.04,0.61883,0.29658,0.83599,0.99779,1,0.995,0.91217,0.47859,0.23654,0.80769,0.000459643,0.000459643,0.000459643
443,3832.74,0.60811,0.28937,0.82848,0.99721,1,0.99496,0.91517,0.48401,0.23573,0.80653,0.000459351,0.000459351,0.000459351
444,3842.16,0.58791,0.28557,0.82627,0.9974,1,0.995,0.91418,0.48838,0.23844,0.8069,0.00045906,0.00045906,0.00045906
445,3850.87,0.59058,0.28439,0.83343,0.99756,1,0.995,0.91598,0.48164,0.23637,0.80707,0.000458769,0.000458769,0.000458769
446,3860.95,0.60477,0.28247,0.84124,0.9982,1,0.995,0.91483,0.48067,0.23683,0.8064,0.000458478,0.000458478,0.000458478
447,3869.6,0.63641,0.29637,0.83087,0.99761,1,0.995,0.91568,0.47773,0.23398,0.80657,0.000458187,0.000458187,0.000458187
448,3879.25,0.6054,0.28737,0.83894,0.99837,1,0.995,0.91712,0.47265,0.2316,0.80513,0.000457896,0.000457896,0.000457896
449,3887.84,0.59939,0.29269,0.83281,0.99869,1,0.995,0.91497,0.48044,0.23275,0.80661,0.000457605,0.000457605,0.000457605
450,3898.92,0.58877,0.2812,0.83359,0.99748,1,0.995,0.90659,0.51659,0.24176,0.81177,0.000457314,0.000457314,0.000457314
451,3906.98,0.58507,0.28511,0.82591,0.99803,1,0.995,0.91425,0.48819,0.23716,0.8081,0.000457023,0.000457023,0.000457023
452,3915.32,0.62208,0.2931,0.83964,0.99791,1,0.995,0.91958,0.46731,0.23026,0.80559,0.000456732,0.000456732,0.000456732
453,3924.8,0.6019,0.28739,0.81884,0.9972,1,0.995,0.92005,0.46662,0.23487,0.80623,0.000456441,0.000456441,0.000456441
454,3935.5,0.59925,0.28285,0.8375,0.99847,1,0.995,0.91962,0.46729,0.23243,0.80522,0.00045615,0.00045615,0.00045615
455,3943.38,0.60533,0.29508,0.83324,0.99852,1,0.995,0.91527,0.48354,0.23712,0.80847,0.000455859,0.000455859,0.000455859
456,3952.39,0.61158,0.29266,0.82513,0.99819,1,0.995,0.92094,0.45959,0.22866,0.80467,0.000455568,0.000455568,0.000455568
457,3962.64,0.58967,0.28892,0.82522,0.99865,1,0.995,0.92218,0.46297,0.2294,0.80464,0.000455277,0.000455277,0.000455277
458,3972.42,0.60796,0.29482,0.82349,0.99804,0.99991,0.995,0.9095,0.5018,0.23958,0.81049,0.000454986,0.000454986,0.000454986
459,3980.04,0.62014,0.29755,0.82573,0.99774,1,0.995,0.91039,0.49726,0.24002,0.80768,0.000454695,0.000454695,0.000454695
460,3987.61,0.58637,0.28465,0.81824,0.99858,1,0.995,0.91619,0.47997,0.23123,0.80637,0.000454403,0.000454403,0.000454403
461,3997.6,0.58249,0.28426,0.8342,0.99787,1,0.995,0.91716,0.47635,0.23255,0.80649,0.000454112,0.000454112,0.000454112
462,4006.97,0.56905,0.27706,0.83139,0.99758,1,0.995,0.92342,0.46529,0.22796,0.8048,0.000453821,0.000453821,0.000453821
463,4017.25,0.59577,0.286,0.82876,0.99763,1,0.995,0.92097,0.46551,0.23236,0.80429,0.00045353,0.00045353,0.00045353
464,4027.07,0.55467,0.27324,0.834,0.99796,1,0.995,0.92379,0.45428,0.22998,0.80332,0.000453239,0.000453239,0.000453239
465,4035.82,0.5897,0.28844,0.83291,0.99776,1,0.995,0.92412,0.45485,0.23011,0.80312,0.000452948,0.000452948,0.000452948
466,4045.06,0.5653,0.27731,0.82055,0.99775,1,0.995,0.92404,0.45339,0.22651,0.80183,0.000452657,0.000452657,0.000452657
467,4052.84,0.56549,0.30166,0.81652,0.99833,1,0.995,0.92243,0.45633,0.22918,0.80215,0.000452366,0.000452366,0.000452366
468,4062.99,0.57444,0.27288,0.82509,0.99848,0.99991,0.995,0.92593,0.44569,0.22238,0.80183,0.000452075,0.000452075,0.000452075
469,4072.05,0.57874,0.28612,0.82519,0.99824,1,0.995,0.9228,0.45045,0.22598,0.80224,0.000451784,0.000451784,0.000451784
470,4079.68,0.62375,0.29639,0.81514,0.99751,1,0.995,0.91998,0.46023,0.22872,0.80429,0.000451493,0.000451493,0.000451493
471,4087.35,0.59653,0.28643,0.82412,0.99807,1,0.995,0.91206,0.48291,0.23531,0.80774,0.000451202,0.000451202,0.000451202
472,4094.74,0.60378,0.28841,0.83782,0.9978,1,0.995,0.91552,0.47506,0.23229,0.80652,0.000450911,0.000450911,0.000450911
473,4104.04,0.58681,0.28494,0.8259,0.99739,1,0.995,0.92162,0.45702,0.22979,0.80354,0.00045062,0.00045062,0.00045062
474,4110.47,0.5766,0.2819,0.82022,0.99816,1,0.995,0.91847,0.46266,0.2303,0.8053,0.000450329,0.000450329,0.000450329
475,4119.78,0.58833,0.28419,0.82444,0.99787,1,0.995,0.92209,0.46115,0.22811,0.80502,0.000450038,0.000450038,0.000450038
476,4128.93,0.57669,0.28137,0.82767,0.99803,1,0.995,0.92609,0.45475,0.22644,0.80337,0.000449746,0.000449746,0.000449746
477,4137.45,0.60748,0.29154,0.82191,0.99795,1,0.995,0.92772,0.45601,0.22593,0.80342,0.000449455,0.000449455,0.000449455
478,4147.06,0.59303,0.28448,0.8325,0.99702,1,0.995,0.92221,0.46297,0.22903,0.80361,0.000449164,0.000449164,0.000449164
479,4156.9,0.56092,0.27317,0.8284,0.99797,1,0.995,0.9262,0.454,0.22449,0.8025,0.000448873,0.000448873,0.000448873
480,4166.54,0.57791,0.27952,0.83497,0.99665,1,0.995,0.92179,0.45811,0.22871,0.80165,0.000448582,0.000448582,0.000448582
481,4174.8,0.674,0.32207,0.83929,0.99824,1,0.995,0.92894,0.43914,0.22114,0.79978,0.000448291,0.000448291,0.000448291
482,4182.53,0.59575,0.28648,0.82465,0.99806,1,0.995,0.92732,0.45124,0.22709,0.80184,0.000448,0.000448,0.000448
483,4191.59,0.56594,0.28187,0.83409,0.99645,1,0.995,0.92963,0.43903,0.22477,0.80019,0.000447709,0.000447709,0.000447709
484,4200.63,0.58713,0.28293,0.81908,0.99744,1,0.995,0.92576,0.44989,0.22542,0.80173,0.000447418,0.000447418,0.000447418
485,4208.65,0.70754,0.31958,0.85953,0.99773,1,0.995,0.91439,0.47101,0.23139,0.80441,0.000447127,0.000447127,0.000447127
486,4216.16,0.59403,0.28747,0.82185,0.99666,1,0.995,0.92296,0.45722,0.2303,0.80321,0.000446836,0.000446836,0.000446836
487,4223.16,0.59874,0.29029,0.8221,0.998,1,0.995,0.924,0.45329,0.22816,0.80215,0.000446545,0.000446545,0.000446545
488,4231.76,0.57133,0.28164,0.82473,0.99766,1,0.995,0.92356,0.45333,0.22959,0.80262,0.000446254,0.000446254,0.000446254
489,4240.05,0.57107,0.28292,0.82163,0.99688,1,0.995,0.92686,0.43481,0.22329,0.80063,0.000445963,0.000445963,0.000445963
490,4248.16,0.59381,0.28843,0.82439,0.99642,1,0.995,0.92331,0.44917,0.22676,0.80203,0.000445672,0.000445672,0.000445672
491,4256.81,0.56672,0.27675,0.81847,0.99655,0.99966,0.995,0.91857,0.46509,0.23028,0.80304,0.000445381,0.000445381,0.000445381
492,4265.14,0.56239,0.28076,0.81614,0.99725,1,0.995,0.9231,0.45898,0.22737,0.8017,0.00044509,0.00044509,0.00044509
493,4274.81,0.56724,0.27817,0.82235,0.99751,1,0.995,0.92879,0.44559,0.22311,0.80046,0.000444798,0.000444798,0.000444798
494,4282.71,0.5787,0.27683,0.82152,0.99781,1,0.995,0.93111,0.43981,0.22018,0.80069,0.000444507,0.000444507,0.000444507
495,4292.76,0.55648,0.27905,0.82175,0.99742,1,0.995,0.92817,0.44278,0.22291,0.80088,0.000444216,0.000444216,0.000444216
496,4300.59,0.57984,0.27987,0.82571,0.99734,1,0.995,0.93041,0.43865,0.22232,0.79932,0.000443925,0.000443925,0.000443925
497,4308.29,0.56909,0.27748,0.82717,0.99719,1,0.995,0.93046,0.4456,0.22438,0.79988,0.000443634,0.000443634,0.000443634
498,4315.09,0.60827,0.29268,0.81173,0.99745,0.99995,0.995,0.92963,0.44414,0.22446,0.80025,0.000443343,0.000443343,0.000443343
499,4325.21,0.55367,0.281,0.83373,0.99834,1,0.995,0.92794,0.44585,0.22563,0.79994,0.000443052,0.000443052,0.000443052
500,4332.63,0.58307,0.28701,0.81657,0.9978,0.99994,0.995,0.93063,0.43816,0.22372,0.79976,0.000442761,0.000442761,0.000442761
501,4341.37,0.592,0.2856,0.82835,0.99808,0.9999,0.995,0.92946,0.44436,0.22504,0.80098,0.00044247,0.00044247,0.00044247
502,4349.82,0.56293,0.27556,0.83025,0.99801,1,0.995,0.93183,0.43608,0.21855,0.799,0.000442179,0.000442179,0.000442179
503,4358.23,0.55496,0.28,0.80632,0.99746,1,0.995,0.93191,0.4332,0.21751,0.79907,0.000441888,0.000441888,0.000441888
504,4367.42,0.56785,0.27172,0.82682,0.99693,1,0.995,0.92983,0.43546,0.22245,0.79964,0.000441597,0.000441597,0.000441597
505,4375.58,0.57659,0.286,0.81953,0.99705,1,0.995,0.92977,0.42526,0.22053,0.79883,0.000441306,0.000441306,0.000441306
506,4383.73,0.55049,0.27138,0.8173,0.9974,1,0.995,0.92879,0.43535,0.2221,0.79846,0.000441015,0.000441015,0.000441015
507,4392.92,0.55653,0.28011,0.83195,0.99781,1,0.995,0.93168,0.43309,0.21981,0.79797,0.000440724,0.000440724,0.000440724
508,4400.54,0.57214,0.28974,0.82692,0.99812,1,0.995,0.93101,0.43037,0.22327,0.79781,0.000440433,0.000440433,0.000440433
509,4408.64,0.5695,0.27993,0.82649,0.99806,1,0.995,0.93048,0.43113,0.22169,0.79835,0.000440142,0.000440142,0.000440142
510,4416.14,0.60181,0.28778,0.8412,0.99796,1,0.995,0.92637,0.44172,0.2226,0.80038,0.00043985,0.00043985,0.00043985
511,4424.37,0.5889,0.28746,0.81698,0.99737,1,0.995,0.92992,0.43096,0.22102,0.79889,0.000439559,0.000439559,0.000439559
512,4433.08,0.5637,0.28132,0.82968,0.99751,1,0.995,0.93033,0.4285,0.219,0.79781,0.000439268,0.000439268,0.000439268
513,4443.67,0.58364,0.28904,0.84689,0.99726,1,0.995,0.92276,0.44421,0.2239,0.80091,0.000438977,0.000438977,0.000438977
514,4451.83,0.57406,0.28021,0.82172,0.99757,0.99963,0.995,0.92746,0.4355,0.22032,0.79919,0.000438686,0.000438686,0.000438686
515,4459.09,0.566,0.28374,0.81116,0.99816,1,0.995,0.9335,0.42688,0.22139,0.79848,0.000438395,0.000438395,0.000438395
516,4467.48,0.5627,0.28197,0.80919,0.99749,0.99985,0.995,0.93142,0.43157,0.21799,0.79905,0.000438104,0.000438104,0.000438104
517,4476.61,0.5632,0.27685,0.83098,0.99737,1,0.995,0.92517,0.44604,0.22469,0.8007,0.000437813,0.000437813,0.000437813
518,4485.15,0.56125,0.27471,0.81992,0.99772,0.99996,0.995,0.92652,0.43719,0.22182,0.79942,0.000437522,0.000437522,0.000437522
519,4492.09,0.55997,0.28335,0.8204,0.99818,1,0.995,0.93364,0.42628,0.21649,0.79809,0.000437231,0.000437231,0.000437231
520,4502.04,0.5711,0.27856,0.82794,0.99794,1,0.995,0.93162,0.43195,0.21748,0.7994,0.00043694,0.00043694,0.00043694
521,4510.11,0.55934,0.27694,0.81643,0.99803,1,0.995,0.93203,0.42876,0.21627,0.79903,0.000436649,0.000436649,0.000436649
522,4517.72,0.54822,0.27116,0.82034,0.99811,1,0.995,0.92692,0.44317,0.22101,0.79988,0.000436358,0.000436358,0.000436358
523,4526.84,0.53976,0.27744,0.83292,0.9982,1,0.995,0.92699,0.44115,0.21908,0.79925,0.000436067,0.000436067,0.000436067
524,4534.61,0.5721,0.27619,0.81564,0.99824,1,0.995,0.92922,0.43427,0.21656,0.79972,0.000435776,0.000435776,0.000435776
525,4542.95,0.56976,0.27617,0.81861,0.99848,1,0.995,0.92687,0.44472,0.22013,0.80159,0.000435485,0.000435485,0.000435485
526,4551.46,0.56494,0.27307,0.82621,0.99724,1,0.995,0.92887,0.43343,0.2208,0.79892,0.000435194,0.000435194,0.000435194
527,4561.09,0.55912,0.27815,0.82695,0.99825,1,0.995,0.93049,0.43884,0.22302,0.79938,0.000434902,0.000434902,0.000434902
528,4569.45,0.57704,0.2816,0.82105,0.99808,1,0.995,0.93349,0.4355,0.21994,0.80002,0.000434611,0.000434611,0.000434611
529,4578.38,0.54346,0.27411,0.83212,0.99786,1,0.995,0.93114,0.42554,0.21798,0.79851,0.00043432,0.00043432,0.00043432
530,4586.8,0.54275,0.27407,0.81409,0.99753,1,0.995,0.93163,0.42995,0.21762,0.79866,0.000434029,0.000434029,0.000434029
531,4594.91,0.57023,0.28071,0.80947,0.99758,1,0.995,0.93202,0.41687,0.21504,0.79669,0.000433738,0.000433738,0.000433738
532,4605.79,0.5544,0.27147,0.83566,0.99726,1,0.995,0.93468,0.41096,0.21209,0.79521,0.000433447,0.000433447,0.000433447
533,4615.04,0.58726,0.28139,0.81884,0.99803,1,0.995,0.93128,0.42157,0.21571,0.79658,0.000433156,0.000433156,0.000433156
534,4623.31,0.55083,0.27029,0.77346,0.99751,1,0.995,0.93656,0.41689,0.21501,0.79613,0.000432865,0.000432865,0.000432865
535,4631.92,0.56414,0.27438,0.82061,0.99726,1,0.995,0.93768,0.4157,0.21717,0.79663,0.000432574,0.000432574,0.000432574
536,4640.52,0.57511,0.28335,0.81957,0.99723,1,0.995,0.93362,0.42201,0.21995,0.79763,0.000432283,0.000432283,0.000432283
537,4648.85,0.51574,0.26333,0.81435,0.9975,1,0.995,0.93863,0.41182,0.21461,0.79561,0.000431992,0.000431992,0.000431992
538,4657.98,0.52189,0.26686,0.8153,0.99684,1,0.995,0.93672,0.40969,0.21577,0.79536,0.000431701,0.000431701,0.000431701
539,4666.73,0.55056,0.27455,0.81516,0.99764,0.99957,0.99496,0.93561,0.41414,0.21309,0.7956,0.00043141,0.00043141,0.00043141
540,4675.12,0.53449,0.27036,0.81959,0.99792,1,0.995,0.9399,0.4109,0.21314,0.79474,0.000431119,0.000431119,0.000431119
541,4684.23,0.53524,0.26892,0.81229,0.99834,1,0.995,0.93413,0.41518,0.21535,0.79578,0.000430828,0.000430828,0.000430828
542,4691.11,0.57192,0.27855,0.81164,0.99826,1,0.995,0.93105,0.41953,0.21293,0.79633,0.000430537,0.000430537,0.000430537
543,4698.43,0.56443,0.28152,0.8265,0.99787,1,0.995,0.93043,0.42371,0.21661,0.7975,0.000430245,0.000430245,0.000430245
544,4708,0.55631,0.27037,0.81993,0.99777,1,0.995,0.93724,0.4154,0.21959,0.7967,0.000429954,0.000429954,0.000429954
545,4715.91,0.58188,0.28392,0.82403,0.99815,1,0.995,0.93347,0.42294,0.21905,0.79799,0.000429663,0.000429663,0.000429663
546,4725.87,0.53469,0.26922,0.82394,0.99822,1,0.995,0.93378,0.41504,0.21473,0.7973,0.000429372,0.000429372,0.000429372
547,4734.23,0.56486,0.28105,0.81619,0.99814,1,0.995,0.93516,0.42089,0.21635,0.79737,0.000429081,0.000429081,0.000429081
548,4741.66,0.55588,0.27573,0.80881,0.99787,0.99975,0.995,0.93717,0.41433,0.21603,0.79596,0.00042879,0.00042879,0.00042879
549,4750.88,0.54257,0.272,0.83006,0.99776,0.99999,0.995,0.93459,0.41504,0.21499,0.79579,0.000428499,0.000428499,0.000428499
550,4759.23,0.53956,0.26779,0.81812,0.99792,1,0.995,0.93363,0.42182,0.2165,0.7964,0.000428208,0.000428208,0.000428208
551,4768.72,0.53831,0.27331,0.81784,0.99783,1,0.995,0.93524,0.41389,0.21578,0.79482,0.000427917,0.000427917,0.000427917
552,4778.12,0.54391,0.26735,0.82345,0.99746,0.9999,0.995,0.92896,0.42198,0.21791,0.79637,0.000427626,0.000427626,0.000427626
553,4787.83,0.5574,0.27287,0.81703,0.99841,1,0.995,0.93287,0.41806,0.21433,0.79602,0.000427335,0.000427335,0.000427335
554,4797.16,0.55381,0.27338,0.81914,0.99794,1,0.995,0.93667,0.41142,0.2124,0.79577,0.000427044,0.000427044,0.000427044
555,4806.21,0.53644,0.26585,0.82158,0.9971,1,0.9948,0.93531,0.41098,0.21385,0.79537,0.000426753,0.000426753,0.000426753
556,4815.6,0.5391,0.26875,0.81826,0.99754,1,0.99495,0.93485,0.41649,0.21238,0.79654,0.000426462,0.000426462,0.000426462
557,4824.62,0.54036,0.26588,0.82376,0.99739,1,0.995,0.9372,0.41344,0.21173,0.79621,0.000426171,0.000426171,0.000426171
558,4832.66,0.54282,0.27016,0.8137,0.99787,1,0.99499,0.93694,0.41283,0.21227,0.79668,0.00042588,0.00042588,0.00042588
559,4840.26,0.55574,0.30101,0.82272,0.99726,1,0.99495,0.93651,0.40505,0.21114,0.7952,0.000425589,0.000425589,0.000425589
560,4848.36,0.54597,0.2672,0.81142,0.9972,1,0.995,0.9419,0.39778,0.20888,0.79363,0.000425297,0.000425297,0.000425297
561,4858.15,0.52936,0.26484,0.80467,0.99719,1,0.995,0.94144,0.39469,0.2077,0.79325,0.000425006,0.000425006,0.000425006
562,4866.66,0.54661,0.26193,0.81042,0.9981,1,0.9948,0.94409,0.3899,0.20625,0.79225,0.000424715,0.000424715,0.000424715
563,4876.11,0.52,0.26001,0.81047,0.9978,1,0.9948,0.94055,0.39646,0.20799,0.79286,0.000424424,0.000424424,0.000424424
564,4884.53,0.56147,0.27566,0.81105,0.9975,1,0.99487,0.9449,0.38964,0.20497,0.79142,0.000424133,0.000424133,0.000424133
565,4893.43,0.53883,0.26112,0.81464,0.99785,1,0.99479,0.94328,0.3956,0.20452,0.79222,0.000423842,0.000423842,0.000423842
566,4901.93,0.49552,0.24487,0.77568,0.99816,1,0.99473,0.94277,0.39356,0.2051,0.79199,0.000423551,0.000423551,0.000423551
567,4910.65,0.5229,0.25906,0.8154,0.9982,1,0.99473,0.94498,0.39389,0.20677,0.79244,0.00042326,0.00042326,0.00042326
568,4919.16,0.55238,0.26946,0.8085,0.9976,1,0.9947,0.94315,0.39688,0.20561,0.79314,0.000422969,0.000422969,0.000422969
569,4928.5,0.51289,0.25404,0.80737,0.99744,1,0.99497,0.94151,0.39768,0.20464,0.79315,0.000422678,0.000422678,0.000422678
570,4937.57,0.52566,0.26044,0.82054,0.99797,1,0.995,0.9421,0.39479,0.2051,0.79248,0.000422387,0.000422387,0.000422387
571,4947.11,0.5064,0.25096,0.81646,0.99863,1,0.995,0.94153,0.39183,0.20468,0.79233,0.000422096,0.000422096,0.000422096
572,4956.19,0.52951,0.26342,0.81878,0.99868,0.9999,0.995,0.94297,0.39275,0.20647,0.79265,0.000421805,0.000421805,0.000421805
573,4964.35,0.519,0.26195,0.81466,0.99856,1,0.995,0.94437,0.38548,0.20542,0.79206,0.000421514,0.000421514,0.000421514
574,4973,0.56953,0.27821,0.82326,0.99873,1,0.995,0.9458,0.38437,0.20442,0.79129,0.000421223,0.000421223,0.000421223
575,4982.43,0.5432,0.26889,0.82476,0.99855,1,0.995,0.9453,0.38892,0.2063,0.79188,0.000420932,0.000420932,0.000420932
576,4989.52,0.59674,0.28672,0.80377,0.99882,1,0.995,0.94039,0.40067,0.20795,0.79371,0.00042064,0.00042064,0.00042064
577,4999.26,0.53148,0.269,0.81415,0.99882,1,0.995,0.94408,0.38797,0.20576,0.7931,0.000420349,0.000420349,0.000420349
578,5006.96,0.5298,0.26957,0.81208,0.99832,1,0.995,0.9455,0.38515,0.20487,0.79284,0.000420058,0.000420058,0.000420058
579,5015.43,0.51388,0.25298,0.82105,0.99818,1,0.995,0.93899,0.39389,0.20599,0.79313,0.000419767,0.000419767,0.000419767
580,5025.56,0.59862,0.43899,0.87691,0.998,0.99918,0.995,0.94212,0.39191,0.20768,0.79213,0.000419476,0.000419476,0.000419476
581,5033.55,0.53793,0.26588,0.81123,0.99802,1,0.995,0.93787,0.40263,0.21167,0.79325,0.000419185,0.000419185,0.000419185
582,5041.56,0.5441,0.26621,0.81732,0.99854,1,0.995,0.93166,0.41846,0.21096,0.79512,0.000418894,0.000418894,0.000418894
583,5050.71,0.52022,0.25899,0.80832,0.99828,1,0.995,0.93947,0.39942,0.2067,0.79287,0.000418603,0.000418603,0.000418603
584,5059.63,0.49822,0.24679,0.80972,0.99837,1,0.995,0.94085,0.39748,0.20707,0.79218,0.000418312,0.000418312,0.000418312
585,5068.27,0.51347,0.259,0.81157,0.99845,1,0.995,0.94053,0.4013,0.20645,0.79277,0.000418021,0.000418021,0.000418021
586,5077.93,0.52553,0.25606,0.82684,0.9987,0.99989,0.995,0.94363,0.38822,0.20525,0.79207,0.00041773,0.00041773,0.00041773
587,5087.06,0.55206,0.26827,0.81491,0.99865,1,0.995,0.9438,0.38592,0.20593,0.79161,0.000417439,0.000417439,0.000417439
588,5097.22,0.4799,0.24426,0.77848,0.99827,1,0.995,0.94333,0.38748,0.20512,0.79224,0.000417148,0.000417148,0.000417148
589,5106.35,0.51992,0.32528,0.82799,0.99811,1,0.995,0.94343,0.39786,0.20506,0.79232,0.000416857,0.000416857,0.000416857
590,5113.78,0.50453,0.25844,0.80977,0.99788,1,0.995,0.93925,0.39565,0.20793,0.79266,0.000416566,0.000416566,0.000416566
591,5121.35,0.56485,0.27624,0.81378,0.99803,1,0.995,0.93676,0.40521,0.20918,0.79472,0.000416275,0.000416275,0.000416275
592,5130.92,0.49633,0.25586,0.81539,0.99859,1,0.995,0.94204,0.3942,0.20646,0.79275,0.000415984,0.000415984,0.000415984
593,5139.14,0.51903,0.26328,0.81232,0.99859,1,0.995,0.94074,0.39753,0.20436,0.79313,0.000415692,0.000415692,0.000415692
594,5148.59,0.50989,0.25688,0.81462,0.99841,1,0.995,0.93544,0.40774,0.20687,0.79374,0.000415401,0.000415401,0.000415401
595,5156.88,0.54621,0.2748,0.81258,0.99843,1,0.995,0.94278,0.38647,0.20217,0.7915,0.00041511,0.00041511,0.00041511
596,5164.35,0.53652,0.26342,0.81127,0.99838,1,0.995,0.9474,0.37648,0.19999,0.79086,0.000414819,0.000414819,0.000414819
597,5173.24,0.48959,0.25603,0.80914,0.99847,1,0.995,0.94648,0.37633,0.20079,0.79079,0.000414528,0.000414528,0.000414528
598,5181.28,0.53378,0.26984,0.81781,0.99824,1,0.99498,0.94381,0.38341,0.20198,0.79156,0.000414237,0.000414237,0.000414237
599,5189.23,0.51111,0.30064,0.76124,0.99813,1,0.99496,0.93969,0.39438,0.20598,0.7929,0.000413946,0.000413946,0.000413946
600,5200.19,0.51091,0.25269,0.83393,0.99752,1,0.99495,0.94025,0.39539,0.20507,0.79366,0.000413655,0.000413655,0.000413655
601,5208.83,0.50723,0.26232,0.80873,0.9976,1,0.995,0.94604,0.37665,0.20117,0.79053,0.000413364,0.000413364,0.000413364
602,5217.3,0.50305,0.25545,0.81022,0.99827,1,0.995,0.94345,0.38139,0.2024,0.79074,0.000413073,0.000413073,0.000413073
603,5227.11,0.50764,0.25572,0.82271,0.99812,1,0.995,0.94456,0.38133,0.20229,0.79078,0.000412782,0.000412782,0.000412782
604,5235.86,0.52708,0.26188,0.80715,0.99807,1,0.995,0.94414,0.38391,0.20215,0.79097,0.000412491,0.000412491,0.000412491
605,5243.45,0.51469,0.25898,0.80838,0.99829,1,0.995,0.93954,0.39386,0.20478,0.79247,0.0004122,0.0004122,0.0004122
606,5252.99,0.50623,0.2556,0.81221,0.99818,1,0.995,0.94538,0.38226,0.20125,0.79114,0.000411909,0.000411909,0.000411909
607,5262.36,0.47622,0.25301,0.77099,0.99837,1,0.995,0.94284,0.38846,0.20185,0.79182,0.000411618,0.000411618,0.000411618
608,5270.93,0.50993,0.26063,0.81407,0.99765,0.99984,0.995,0.94004,0.39191,0.20445,0.79275,0.000411327,0.000411327,0.000411327
609,5279.67,0.49516,0.25758,0.8134,0.99878,1,0.995,0.94942,0.37964,0.20002,0.79089,0.000411036,0.000411036,0.000411036
610,5288.87,0.50622,0.26093,0.80944,0.99848,1,0.995,0.94906,0.37746,0.20191,0.79011,0.000410744,0.000410744,0.000410744
611,5296.13,0.51687,0.26877,0.81334,0.99828,1,0.995,0.9479,0.37922,0.20226,0.78993,0.000410453,0.000410453,0.000410453
612,5304.17,0.50482,0.26921,0.81205,0.99877,1,0.995,0.94588,0.37867,0.20416,0.78936,0.000410162,0.000410162,0.000410162
613,5312.18,0.50696,0.26445,0.80923,0.99843,1,0.995,0.9397,0.38388,0.20172,0.7897,0.000409871,0.000409871,0.000409871
614,5319.91,0.53809,0.27215,0.81723,0.99828,1,0.995,0.94511,0.37757,0.2017,0.7894,0.00040958,0.00040958,0.00040958
615,5327.54,0.53781,0.27004,0.81002,0.99846,1,0.995,0.9445,0.37985,0.20036,0.79056,0.000409289,0.000409289,0.000409289
616,5335.31,0.53032,0.2629,0.81103,0.99816,1,0.995,0.9452,0.37638,0.19994,0.79042,0.000408998,0.000408998,0.000408998
617,5344.43,0.53995,0.2653,0.81673,0.99795,1,0.995,0.94913,0.37568,0.2023,0.79023,0.000408707,0.000408707,0.000408707
618,5354.02,0.51411,0.25679,0.82202,0.99861,1,0.995,0.9464,0.38016,0.20301,0.79102,0.000408416,0.000408416,0.000408416
619,5363.18,0.50753,0.26655,0.82258,0.99824,1,0.995,0.94492,0.38822,0.20505,0.79165,0.000408125,0.000408125,0.000408125
620,5372.48,0.51223,0.25541,0.81303,0.99819,1,0.995,0.9475,0.38474,0.20184,0.79046,0.000407834,0.000407834,0.000407834
621,5381.05,0.51772,0.25791,0.81438,0.99835,1,0.995,0.95095,0.37418,0.19835,0.78932,0.000407543,0.000407543,0.000407543
622,5390.09,0.48057,0.24734,0.76891,0.99831,1,0.995,0.94988,0.3719,0.20002,0.78915,0.000407252,0.000407252,0.000407252
623,5398.29,0.5001,0.25292,0.82034,0.99796,1,0.995,0.94951,0.37757,0.19966,0.78965,0.000406961,0.000406961,0.000406961
624,5406.72,0.48357,0.25208,0.80886,0.99815,1,0.995,0.94492,0.38543,0.20006,0.79035,0.00040667,0.00040667,0.00040667
625,5415,0.4874,0.25192,0.80995,0.99823,1,0.995,0.94431,0.38542,0.20008,0.79098,0.000406379,0.000406379,0.000406379
626,5423.79,0.49359,0.2508,0.80811,0.99787,1,0.995,0.94909,0.37661,0.19682,0.79007,0.000406088,0.000406088,0.000406088
627,5432.76,0.51573,0.27912,0.82177,0.99819,1,0.995,0.94768,0.37324,0.19681,0.78959,0.000405796,0.000405796,0.000405796
628,5442.15,0.53357,0.25879,0.82347,0.99846,1,0.995,0.94669,0.37752,0.20122,0.79006,0.000405505,0.000405505,0.000405505
629,5450.32,0.49699,0.25159,0.80715,0.99815,1,0.995,0.94796,0.37832,0.19743,0.79051,0.000405214,0.000405214,0.000405214
630,5458.32,0.51109,0.2549,0.81088,0.99826,1,0.995,0.94829,0.3754,0.19612,0.79019,0.000404923,0.000404923,0.000404923
631,5468.3,0.46511,0.26997,0.81109,0.99783,1,0.9949,0.94554,0.38618,0.19864,0.79093,0.000404632,0.000404632,0.000404632
632,5476.88,0.49482,0.25322,0.81515,0.99755,1,0.99486,0.94715,0.37786,0.19873,0.79019,0.000404341,0.000404341,0.000404341
633,5485.75,0.52244,0.26736,0.81034,0.99759,0.99991,0.99499,0.94652,0.37263,0.19813,0.78997,0.00040405,0.00040405,0.00040405
634,5495.23,0.50263,0.2618,0.81533,0.99822,0.9996,0.995,0.94853,0.37205,0.19837,0.78916,0.000403759,0.000403759,0.000403759
635,5504.24,0.5466,0.26696,0.82793,0.99814,0.99946,0.995,0.94933,0.36577,0.19489,0.78865,0.000403468,0.000403468,0.000403468
636,5511.76,0.51371,0.25461,0.80866,0.99793,0.99954,0.995,0.95121,0.36439,0.19409,0.78871,0.000403177,0.000403177,0.000403177
637,5521.53,0.49412,0.24795,0.80957,0.99822,1,0.995,0.95076,0.36915,0.19582,0.78901,0.000402886,0.000402886,0.000402886
638,5530.75,0.49329,0.24591,0.8206,0.99796,1,0.995,0.94647,0.37632,0.19661,0.78949,0.000402595,0.000402595,0.000402595
639,5539.68,0.50207,0.25715,0.80638,0.99746,1,0.995,0.94928,0.37032,0.19338,0.78924,0.000402304,0.000402304,0.000402304
640,5546.98,0.51402,0.25753,0.80191,0.99782,0.99981,0.995,0.95061,0.36728,0.19343,0.78855,0.000402013,0.000402013,0.000402013
641,5556.14,0.49389,0.24657,0.81484,0.99762,1,0.995,0.95145,0.3647,0.19404,0.78827,0.000401722,0.000401722,0.000401722
642,5563.94,0.51999,0.27569,0.80761,0.99761,0.99971,0.995,0.95115,0.36682,0.19272,0.78821,0.000401431,0.000401431,0.000401431
643,5573.65,0.47895,0.2482,0.81413,0.99824,0.9997,0.995,0.95395,0.35786,0.19107,0.78731,0.000401139,0.000401139,0.000401139
644,5581.61,0.48933,0.2539,0.80083,0.99816,0.99971,0.995,0.95452,0.35956,0.19113,0.78718,0.000400848,0.000400848,0.000400848
645,5589.88,0.50388,0.25477,0.8081,0.99777,0.99961,0.995,0.95268,0.36106,0.19048,0.78763,0.000400557,0.000400557,0.000400557
646,5598.79,0.49116,0.25448,0.80434,0.99817,0.99991,0.995,0.95164,0.36779,0.1949,0.78795,0.000400266,0.000400266,0.000400266
647,5607.68,0.50299,0.2536,0.81324,0.99809,1,0.995,0.95305,0.36277,0.19173,0.78738,0.000399975,0.000399975,0.000399975
648,5615.04,0.52374,0.26921,0.80757,0.99825,0.99996,0.995,0.94842,0.36487,0.19764,0.78782,0.000399684,0.000399684,0.000399684
649,5623.82,0.53582,0.26912,0.8144,0.99838,0.99995,0.995,0.94937,0.37062,0.19674,0.78854,0.000399393,0.000399393,0.000399393
650,5632.75,0.49723,0.25706,0.80724,0.99779,0.99944,0.995,0.95109,0.36143,0.19166,0.78712,0.000399102,0.000399102,0.000399102
651,5640.06,0.51374,0.25731,0.80942,0.99825,0.99951,0.995,0.95103,0.36172,0.19271,0.78703,0.000398811,0.000398811,0.000398811
652,5649.2,0.46951,0.24514,0.81308,0.99862,0.99959,0.995,0.953,0.3557,0.19022,0.78642,0.00039852,0.00039852,0.00039852
653,5658.26,0.47907,0.24639,0.80592,0.99811,1,0.995,0.95731,0.34826,0.18929,0.78515,0.000398229,0.000398229,0.000398229
654,5668.52,0.47324,0.24187,0.80413,0.99789,0.99983,0.995,0.95883,0.34749,0.18804,0.78548,0.000397938,0.000397938,0.000397938
655,5678.93,0.47717,0.23859,0.81138,0.99801,0.99946,0.995,0.95574,0.35374,0.18953,0.78671,0.000397647,0.000397647,0.000397647
656,5686.98,0.48989,0.25255,0.80925,0.99784,0.99954,0.995,0.95656,0.35731,0.19214,0.78795,0.000397356,0.000397356,0.000397356
657,5694.46,0.52442,0.26211,0.8147,0.99776,1,0.995,0.95374,0.3579,0.18967,0.78838,0.000397065,0.000397065,0.000397065
658,5703.72,0.48519,0.24551,0.80955,0.99817,1,0.995,0.95359,0.36002,0.19035,0.78817,0.000396774,0.000396774,0.000396774
659,5714.48,0.48887,0.24324,0.81277,0.99821,1,0.995,0.95384,0.35333,0.1885,0.78732,0.000396483,0.000396483,0.000396483
660,5723.13,0.49319,0.24396,0.81223,0.99866,0.99969,0.995,0.95647,0.35236,0.18865,0.78657,0.000396191,0.000396191,0.000396191
661,5731.76,0.49477,0.24793,0.81022,0.99859,0.99961,0.995,0.956,0.35325,0.18755,0.78689,0.0003959,0.0003959,0.0003959
662,5740.42,0.47956,0.24577,0.81391,0.99836,0.99954,0.995,0.95638,0.35193,0.18806,0.78723,0.000395609,0.000395609,0.000395609
663,5749.02,0.52569,0.25812,0.81091,0.99855,0.99977,0.995,0.9543,0.35376,0.18927,0.78737,0.000395318,0.000395318,0.000395318
664,5758.76,0.46838,0.23784,0.81188,0.99812,0.99966,0.995,0.95241,0.36211,0.19176,0.78825,0.000395027,0.000395027,0.000395027
665,5767.6,0.48616,0.24374,0.81425,0.99831,0.99965,0.995,0.9526,0.35882,0.1905,0.78722,0.000394736,0.000394736,0.000394736
666,5776.03,0.50214,0.25513,0.80549,0.99843,0.99958,0.995,0.95307,0.35873,0.18902,0.78715,0.000394445,0.000394445,0.000394445
667,5784.89,0.46562,0.23166,0.79468,0.99839,0.9996,0.995,0.95395,0.35599,0.18774,0.78686,0.000394154,0.000394154,0.000394154
668,5793.25,0.53028,0.25327,0.82777,0.99853,0.99964,0.995,0.9564,0.35816,0.18869,0.78696,0.000393863,0.000393863,0.000393863
669,5802.89,0.46329,0.23933,0.81164,0.99828,0.99985,0.995,0.95495,0.35895,0.19053,0.78764,0.000393572,0.000393572,0.000393572
670,5813.12,0.48816,0.24675,0.8146,0.99844,0.99981,0.995,0.95489,0.35811,0.19189,0.78703,0.000393281,0.000393281,0.000393281
671,5822.25,0.4763,0.24143,0.81632,0.99825,0.99993,0.995,0.95601,0.35516,0.18933,0.78696,0.00039299,0.00039299,0.00039299
672,5831.43,0.48606,0.24739,0.81477,0.99806,0.9998,0.995,0.9561,0.35115,0.1876,0.78644,0.000392699,0.000392699,0.000392699
673,5841.06,0.49373,0.24916,0.80941,0.99777,0.99957,0.995,0.95865,0.34463,0.18743,0.78586,0.000392408,0.000392408,0.000392408
674,5848.58,0.48856,0.25619,0.79358,0.99773,0.99979,0.99499,0.95767,0.34609,0.18728,0.78659,0.000392117,0.000392117,0.000392117
675,5857.32,0.49873,0.25331,0.80952,0.99782,0.99973,0.99499,0.95809,0.34809,0.18907,0.78659,0.000391826,0.000391826,0.000391826
676,5865.27,0.48693,0.24571,0.81465,0.99788,1,0.99499,0.95767,0.35327,0.18975,0.78687,0.000391534,0.000391534,0.000391534
677,5873.45,0.49364,0.24992,0.80086,0.99824,1,0.995,0.95619,0.35041,0.18836,0.78627,0.000391243,0.000391243,0.000391243
678,5884.21,0.46262,0.24286,0.80924,0.99771,1,0.995,0.95419,0.35122,0.188,0.78626,0.000390952,0.000390952,0.000390952
679,5894.57,0.48277,0.25166,0.81489,0.99742,1,0.995,0.95152,0.35116,0.18876,0.7857,0.000390661,0.000390661,0.000390661
680,5903.91,0.45157,0.23471,0.80128,0.99755,0.99987,0.995,0.95449,0.34424,0.18703,0.78532,0.00039037,0.00039037,0.00039037
681,5912.71,0.46736,0.24393,0.81044,0.99786,0.99967,0.995,0.95182,0.35901,0.19048,0.78708,0.000390079,0.000390079,0.000390079
682,5921.82,0.46827,0.24349,0.80681,0.99841,0.99979,0.995,0.95527,0.35134,0.18749,0.78645,0.000389788,0.000389788,0.000389788
683,5930.17,0.48095,0.24841,0.80836,0.99852,0.99991,0.995,0.95741,0.35197,0.18843,0.78617,0.000389497,0.000389497,0.000389497
684,5939.99,0.4821,0.24985,0.81137,0.99832,1,0.995,0.95831,0.35219,0.18858,0.78629,0.000389206,0.000389206,0.000389206
685,5948.93,0.45521,0.24048,0.76428,0.99844,1,0.995,0.95793,0.35133,0.18865,0.78566,0.000388915,0.000388915,0.000388915
686,5958.81,0.46052,0.24012,0.81165,0.99859,0.99964,0.995,0.95695,0.34686,0.18853,0.78554,0.000388624,0.000388624,0.000388624
687,5967.94,0.48214,0.24837,0.80224,0.99875,0.99971,0.995,0.95396,0.35106,0.18744,0.7863,0.000388333,0.000388333,0.000388333
688,5977.8,0.47677,0.24153,0.80748,0.99867,0.99989,0.995,0.95591,0.35258,0.18701,0.78626,0.000388042,0.000388042,0.000388042
689,5985.76,0.48023,0.2441,0.80162,0.99856,0.99984,0.995,0.95628,0.35533,0.18724,0.78575,0.000387751,0.000387751,0.000387751
690,5993.27,0.48488,0.2427,0.81168,0.99875,0.99975,0.995,0.95481,0.35483,0.18725,0.78592,0.00038746,0.00038746,0.00038746
691,6001.77,0.51271,0.26365,0.8104,0.99836,0.99974,0.995,0.9546,0.36219,0.18997,0.78755,0.000387169,0.000387169,0.000387169
692,6010.83,0.48561,0.24993,0.8094,0.99813,0.99972,0.995,0.95019,0.36941,0.19207,0.788,0.000386878,0.000386878,0.000386878
693,6019.38,0.50104,0.2521,0.80652,0.9984,0.99972,0.995,0.95124,0.36276,0.19003,0.78693,0.000386586,0.000386586,0.000386586
694,6029.38,0.46753,0.23668,0.80755,0.99863,0.99973,0.995,0.95519,0.35454,0.19,0.78574,0.000386295,0.000386295,0.000386295
695,6038.5,0.45003,0.23742,0.80518,0.99841,0.99991,0.995,0.95704,0.35134,0.18706,0.78535,0.000386004,0.000386004,0.000386004
696,6047.64,0.48185,0.24647,0.80691,0.99838,1,0.995,0.95916,0.34543,0.18687,0.78525,0.000385713,0.000385713,0.000385713
697,6056.74,0.49254,0.24474,0.81051,0.99841,1,0.995,0.95836,0.35066,0.18938,0.7858,0.000385422,0.000385422,0.000385422
698,6065.71,0.45769,0.23772,0.80424,0.99817,0.99984,0.995,0.96127,0.34113,0.18618,0.78509,0.000385131,0.000385131,0.000385131
699,6076.31,0.42136,0.22643,0.81684,0.99826,0.99915,0.995,0.95967,0.33802,0.18304,0.78456,0.00038484,0.00038484,0.00038484
700,6084.74,0.4712,0.24016,0.80879,0.9984,0.99965,0.995,0.96172,0.33593,0.18466,0.78388,0.000384549,0.000384549,0.000384549
701,6094.62,0.47682,0.25212,0.80682,0.99847,1,0.995,0.95946,0.33685,0.18555,0.78357,0.000384258,0.000384258,0.000384258
702,6102.37,0.4994,0.25414,0.79939,0.99845,1,0.995,0.95774,0.34121,0.18593,0.78385,0.000383967,0.000383967,0.000383967
703,6111.65,0.47801,0.24345,0.80914,0.99841,1,0.995,0.95717,0.34348,0.18646,0.78418,0.000383676,0.000383676,0.000383676
704,6120.76,0.44963,0.23281,0.80384,0.99782,0.99963,0.995,0.96008,0.33877,0.18275,0.78381,0.000383385,0.000383385,0.000383385
705,6128.73,0.52912,0.25676,0.79233,0.99767,1,0.995,0.95894,0.33901,0.18426,0.78448,0.000383094,0.000383094,0.000383094
706,6138.58,0.46471,0.23675,0.80454,0.9982,0.99981,0.995,0.9521,0.34786,0.18449,0.78499,0.000382803,0.000382803,0.000382803
707,6148.46,0.45803,0.23762,0.80622,0.99846,0.99976,0.995,0.95836,0.34037,0.18392,0.78435,0.000382512,0.000382512,0.000382512
708,6157.3,0.49428,0.24908,0.80801,0.99831,0.99954,0.995,0.95979,0.33908,0.18456,0.78489,0.000382221,0.000382221,0.000382221
709,6167.37,0.45462,0.23642,0.8028,0.99831,0.99957,0.995,0.95828,0.33863,0.18595,0.78435,0.00038193,0.00038193,0.00038193
710,6177.29,0.42895,0.22834,0.80477,0.99841,1,0.995,0.96072,0.33431,0.18461,0.78383,0.000381638,0.000381638,0.000381638
711,6185.45,0.50864,0.25836,0.79901,0.9981,0.99923,0.995,0.96173,0.33429,0.18278,0.78375,0.000381347,0.000381347,0.000381347
712,6195.14,0.48154,0.24595,0.8034,0.99821,0.99925,0.995,0.96098,0.33532,0.18162,0.78379,0.000381056,0.000381056,0.000381056
713,6203.92,0.47676,0.2466,0.8036,0.99839,0.99928,0.995,0.95896,0.34033,0.18477,0.78439,0.000380765,0.000380765,0.000380765
714,6213.28,0.48328,0.25764,0.82552,0.99848,0.99973,0.995,0.95904,0.33668,0.18314,0.7839,0.000380474,0.000380474,0.000380474
715,6221.43,0.45876,0.23986,0.80962,0.99838,0.9998,0.995,0.96178,0.33536,0.18172,0.7841,0.000380183,0.000380183,0.000380183
716,6229.88,0.48113,0.24277,0.80693,0.99823,0.99962,0.995,0.96038,0.33985,0.18149,0.78489,0.000379892,0.000379892,0.000379892
717,6238.56,0.47509,0.24326,0.8068,0.99817,0.99989,0.995,0.96088,0.3383,0.18118,0.78422,0.000379601,0.000379601,0.000379601
718,6247.02,0.4721,0.23679,0.80788,0.99837,0.99971,0.995,0.96069,0.338,0.18048,0.78402,0.00037931,0.00037931,0.00037931
719,6255.28,0.47445,0.23698,0.80487,0.9985,0.99973,0.995,0.96107,0.34396,0.18238,0.78479,0.000379019,0.000379019,0.000379019
720,6264.18,0.45507,0.22867,0.82133,0.99853,0.99977,0.995,0.95989,0.34306,0.18175,0.78473,0.000378728,0.000378728,0.000378728
721,6272.42,0.4613,0.23393,0.80764,0.99873,0.99984,0.995,0.96067,0.33704,0.1808,0.78406,0.000378437,0.000378437,0.000378437
722,6280.03,0.47675,0.24381,0.80407,0.99886,0.99977,0.995,0.96044,0.338,0.18072,0.78416,0.000378146,0.000378146,0.000378146
723,6288.87,0.47703,0.23961,0.81391,0.99868,0.9997,0.995,0.96148,0.33185,0.1799,0.78345,0.000377855,0.000377855,0.000377855
724,6297.6,0.45174,0.23566,0.7997,0.9983,0.99955,0.995,0.96682,0.32077,0.17849,0.78232,0.000377564,0.000377564,0.000377564
725,6308.32,0.45748,0.23493,0.80605,0.99807,0.9994,0.995,0.96431,0.32828,0.18141,0.78312,0.000377273,0.000377273,0.000377273
726,6317.94,0.44278,0.2278,0.80271,0.99837,0.99941,0.995,0.96323,0.32819,0.18016,0.78307,0.000376981,0.000376981,0.000376981
727,6329.2,0.45123,0.23328,0.80449,0.99845,0.99946,0.995,0.96533,0.322,0.17749,0.78229,0.00037669,0.00037669,0.00037669
728,6338.4,0.43375,0.22879,0.80579,0.99814,0.99933,0.995,0.96521,0.32185,0.17701,0.78205,0.000376399,0.000376399,0.000376399
729,6347.21,0.44077,0.22985,0.80774,0.99791,0.99936,0.995,0.96534,0.32049,0.17695,0.78164,0.000376108,0.000376108,0.000376108
730,6356.09,0.44515,0.22874,0.8033,0.99838,1,0.995,0.96502,0.32267,0.17728,0.78162,0.000375817,0.000375817,0.000375817
731,6364.54,0.43423,0.2273,0.80218,0.99854,1,0.995,0.96578,0.31961,0.17479,0.78122,0.000375526,0.000375526,0.000375526
732,6373.4,0.45216,0.23051,0.80185,0.99861,0.99986,0.995,0.96417,0.31949,0.17536,0.78139,0.000375235,0.000375235,0.000375235
733,6381.36,0.47914,0.24327,0.80688,0.99857,0.9996,0.995,0.96498,0.32047,0.17527,0.7817,0.000374944,0.000374944,0.000374944
734,6389.55,0.46242,0.2365,0.80739,0.99843,0.9995,0.995,0.9665,0.31736,0.17378,0.78145,0.000374653,0.000374653,0.000374653
735,6396.64,0.45473,0.23926,0.79637,0.99826,0.99962,0.995,0.96529,0.31701,0.17318,0.78126,0.000374362,0.000374362,0.000374362
736,6404.72,0.45161,0.23385,0.80323,0.99836,0.99988,0.995,0.96378,0.31736,0.17398,0.78074,0.000374071,0.000374071,0.000374071
737,6413.38,0.46243,0.23698,0.80482,0.9981,1,0.995,0.96576,0.31273,0.17357,0.78061,0.00037378,0.00037378,0.00037378
738,6423.15,0.50174,0.2466,0.84744,0.99794,1,0.995,0.9624,0.32236,0.17809,0.78226,0.000373489,0.000373489,0.000373489
739,6431.52,0.46778,0.24186,0.80521,0.99804,1,0.995,0.95713,0.33489,0.18061,0.78356,0.000373198,0.000373198,0.000373198
740,6442.34,0.45815,0.23249,0.8168,0.99793,0.99974,0.995,0.9589,0.32943,0.17892,0.7832,0.000372907,0.000372907,0.000372907
741,6452.3,0.45779,0.23921,0.80499,0.99771,0.99957,0.995,0.96125,0.3297,0.1804,0.78319,0.000372616,0.000372616,0.000372616
742,6460.12,0.46311,0.24051,0.79617,0.99808,0.99983,0.995,0.96377,0.32892,0.17968,0.78325,0.000372325,0.000372325,0.000372325
743,6468.66,0.46572,0.24165,0.80507,0.99792,1,0.995,0.9612,0.33032,0.18271,0.78364,0.000372033,0.000372033,0.000372033
744,6477.76,0.4696,0.23938,0.80952,0.99836,0.99988,0.995,0.96109,0.33085,0.18423,0.78331,0.000371742,0.000371742,0.000371742
745,6486.84,0.43998,0.22734,0.80572,0.99829,0.99977,0.995,0.96391,0.32978,0.1829,0.78339,0.000371451,0.000371451,0.000371451
746,6494.68,0.49554,0.24849,0.80676,0.99804,0.9997,0.995,0.96294,0.33213,0.18313,0.78421,0.00037116,0.00037116,0.00037116
747,6504.24,0.44591,0.22897,0.80474,0.99804,0.99968,0.995,0.96402,0.32805,0.18028,0.78347,0.000370869,0.000370869,0.000370869
748,6513.35,0.46681,0.24232,0.81392,0.99799,0.99994,0.995,0.96344,0.32996,0.18039,0.78335,0.000370578,0.000370578,0.000370578
749,6522.66,0.45599,0.23302,0.80411,0.99809,0.99961,0.995,0.96265,0.33259,0.18044,0.78331,0.000370287,0.000370287,0.000370287
750,6532.11,0.46524,0.24038,0.81079,0.9986,0.99964,0.995,0.96641,0.32383,0.1794,0.78254,0.000369996,0.000369996,0.000369996
751,6540.56,0.44223,0.23298,0.7995,0.99839,0.99961,0.995,0.96586,0.32424,0.17924,0.78242,0.000369705,0.000369705,0.000369705
752,6548.25,0.47977,0.24472,0.81747,0.9984,0.99969,0.995,0.96082,0.33128,0.18126,0.78297,0.000369414,0.000369414,0.000369414
753,6555.68,0.488,0.25052,0.80006,0.99847,0.99969,0.995,0.96295,0.32829,0.18144,0.78259,0.000369123,0.000369123,0.000369123
754,6564.24,0.44947,0.23609,0.80074,0.99847,0.99959,0.995,0.9622,0.33168,0.18165,0.78296,0.000368832,0.000368832,0.000368832
755,6572.63,0.46429,0.2387,0.80102,0.9984,0.99943,0.995,0.96194,0.33319,0.18031,0.78371,0.000368541,0.000368541,0.000368541
756,6581.69,0.48436,0.24054,0.8013,0.99876,0.99948,0.995,0.96391,0.32898,0.17815,0.78408,0.00036825,0.00036825,0.00036825
757,6590.23,0.46977,0.24074,0.81515,0.99866,0.9996,0.995,0.96413,0.32493,0.17768,0.78331,0.000367959,0.000367959,0.000367959
758,6599.52,0.44389,0.23403,0.80277,0.99888,0.99966,0.995,0.96319,0.32842,0.17917,0.78343,0.000367668,0.000367668,0.000367668
759,6607.91,0.49287,0.25665,0.80905,0.99877,0.99968,0.995,0.96363,0.32328,0.17668,0.78257,0.000367377,0.000367377,0.000367377
760,6616.57,0.42176,0.23288,0.80767,0.99855,0.99958,0.995,0.96671,0.31448,0.17345,0.78152,0.000367085,0.000367085,0.000367085
761,6624.81,0.47649,0.24122,0.7973,0.99849,0.99956,0.995,0.9678,0.3123,0.17198,0.78097,0.000366794,0.000366794,0.000366794
762,6634.9,0.47749,0.24446,0.81241,0.99843,0.99963,0.995,0.9651,0.31758,0.17368,0.78189,0.000366503,0.000366503,0.000366503
763,6644.55,0.44013,0.23275,0.80226,0.99803,0.99978,0.995,0.96794,0.31448,0.17233,0.78184,0.000366212,0.000366212,0.000366212
764,6653.22,0.48484,0.24946,0.80077,0.99804,0.99959,0.995,0.96727,0.31688,0.17416,0.78204,0.000365921,0.000365921,0.000365921
765,6661.62,0.45485,0.24343,0.80066,0.99832,0.9996,0.995,0.96762,0.31781,0.17383,0.78194,0.00036563,0.00036563,0.00036563
766,6670.44,0.46086,0.23468,0.81105,0.99856,0.99966,0.995,0.97028,0.3129,0.17423,0.7817,0.000365339,0.000365339,0.000365339
767,6680.11,0.44579,0.23092,0.80191,0.99859,0.99967,0.995,0.96754,0.31059,0.17284,0.78106,0.000365048,0.000365048,0.000365048
768,6689.31,0.46099,0.23642,0.7983,0.99868,0.99982,0.995,0.96868,0.30912,0.17221,0.78068,0.000364757,0.000364757,0.000364757
769,6696.95,0.47882,0.24535,0.79467,0.99858,0.99984,0.995,0.96921,0.31512,0.1747,0.7815,0.000364466,0.000364466,0.000364466
770,6704.53,0.46571,0.24157,0.80393,0.99867,0.99981,0.995,0.96944,0.31246,0.17428,0.78093,0.000364175,0.000364175,0.000364175
771,6713.76,0.45822,0.23363,0.80112,0.99851,0.99978,0.995,0.96911,0.30962,0.17303,0.78079,0.000363884,0.000363884,0.000363884
772,6724.18,0.45196,0.23321,0.81606,0.99835,0.99959,0.995,0.96641,0.31931,0.17505,0.78218,0.000363593,0.000363593,0.000363593
773,6732.97,0.45656,0.23846,0.80246,0.99838,0.99937,0.995,0.9651,0.32118,0.17608,0.78219,0.000363302,0.000363302,0.000363302
774,6741.54,0.46371,0.23848,0.79503,0.99823,1,0.995,0.97021,0.30651,0.17362,0.78101,0.000363011,0.000363011,0.000363011
775,6749.47,0.466,0.23833,0.79957,0.9984,1,0.995,0.97034,0.30282,0.17118,0.78012,0.00036272,0.00036272,0.00036272
776,6759.11,0.45587,0.2358,0.80778,0.99886,1,0.995,0.97022,0.30559,0.17411,0.78012,0.000362428,0.000362428,0.000362428
777,6767.05,0.43369,0.22875,0.79588,0.99889,1,0.995,0.96954,0.30534,0.1726,0.78011,0.000362137,0.000362137,0.000362137
778,6774.15,0.44671,0.23352,0.79229,0.99841,0.99974,0.995,0.96931,0.30104,0.17099,0.77983,0.000361846,0.000361846,0.000361846
779,6782.31,0.44969,0.23004,0.79368,0.99836,0.99942,0.995,0.97062,0.30378,0.1718,0.78012,0.000361555,0.000361555,0.000361555
780,6793.15,0.43951,0.22816,0.80408,0.99821,0.99941,0.995,0.96978,0.30494,0.17255,0.78026,0.000361264,0.000361264,0.000361264
781,6801.51,0.47506,0.23877,0.76679,0.99785,0.99943,0.995,0.96992,0.30667,0.17292,0.78073,0.000360973,0.000360973,0.000360973
782,6810.86,0.42445,0.23441,0.80239,0.99788,0.99941,0.995,0.96879,0.30811,0.17409,0.78136,0.000360682,0.000360682,0.000360682
783,6820.11,0.41403,0.22246,0.79996,0.99818,0.99943,0.995,0.96859,0.31213,0.17297,0.78162,0.000360391,0.000360391,0.000360391
784,6828.85,0.44643,0.23178,0.79696,0.99856,0.99952,0.995,0.97045,0.30817,0.17083,0.7809,0.0003601,0.0003601,0.0003601
785,6839.77,0.41034,0.21487,0.80316,0.99859,0.99964,0.995,0.97113,0.30552,0.16985,0.78048,0.000359809,0.000359809,0.000359809
786,6849.27,0.43745,0.22659,0.80541,0.99871,0.99962,0.995,0.96983,0.31013,0.17024,0.78048,0.000359518,0.000359518,0.000359518
787,6858.21,0.39827,0.21487,0.79719,0.99877,0.99959,0.995,0.96959,0.3067,0.17016,0.7801,0.000359227,0.000359227,0.000359227
788,6867.13,0.45802,0.23327,0.80405,0.99866,0.99964,0.995,0.9673,0.31144,0.17128,0.78073,0.000358936,0.000358936,0.000358936
789,6875.69,0.41926,0.22529,0.79281,0.99874,0.99979,0.995,0.96773,0.31122,0.17192,0.78042,0.000358645,0.000358645,0.000358645
790,6881.67,0.48817,0.25186,0.80148,0.99902,0.99963,0.995,0.967,0.3136,0.17184,0.78064,0.000358354,0.000358354,0.000358354
791,6890.84,0.43135,0.22772,0.80421,0.99885,0.99956,0.995,0.96963,0.31093,0.17088,0.78049,0.000358063,0.000358063,0.000358063
792,6897.67,0.48936,0.25047,0.80198,0.99899,0.99961,0.995,0.96874,0.31333,0.17272,0.78061,0.000357772,0.000357772,0.000357772
793,6906.93,0.44346,0.23644,0.80606,0.99864,0.99958,0.995,0.96831,0.31419,0.17268,0.78115,0.00035748,0.00035748,0.00035748
794,6917.8,0.42808,0.22466,0.80458,0.99857,0.99952,0.995,0.96861,0.31167,0.1721,0.7806,0.000357189,0.000357189,0.000357189
795,6927.62,0.43186,0.23033,0.80035,0.99836,0.99946,0.995,0.96921,0.30642,0.17109,0.78009,0.000356898,0.000356898,0.000356898
796,6937.34,0.43559,0.22611,0.80984,0.99831,0.99973,0.995,0.96719,0.30942,0.17258,0.78032,0.000356607,0.000356607,0.000356607
797,6944.53,0.45384,0.23823,0.79224,0.99837,1,0.995,0.9686,0.31119,0.17192,0.78043,0.000356316,0.000356316,0.000356316
798,6954.98,0.43107,0.23364,0.80576,0.99838,1,0.995,0.96945,0.30776,0.17113,0.77986,0.000356025,0.000356025,0.000356025
799,6962.73,0.45417,0.23683,0.79987,0.99832,0.99977,0.995,0.96847,0.3146,0.17373,0.78085,0.000355734,0.000355734,0.000355734
800,6971.66,0.45841,0.23281,0.79569,0.99811,0.99976,0.995,0.96745,0.31879,0.17443,0.78101,0.000355443,0.000355443,0.000355443
801,6980.51,0.42915,0.23112,0.8027,0.99842,0.99958,0.995,0.96644,0.31304,0.17314,0.78016,0.000355152,0.000355152,0.000355152
802,6989.31,0.41451,0.22097,0.80338,0.99841,0.99959,0.995,0.96685,0.3103,0.17166,0.78015,0.000354861,0.000354861,0.000354861
803,6997.6,0.43579,0.23211,0.80025,0.99853,0.99956,0.995,0.96634,0.31104,0.1712,0.78,0.00035457,0.00035457,0.00035457
804,7005.42,0.43362,0.22726,0.76347,0.99848,0.99955,0.995,0.96734,0.30541,0.17026,0.77973,0.000354279,0.000354279,0.000354279
805,7013.08,0.4364,0.22953,0.7988,0.99872,0.99953,0.995,0.96992,0.30791,0.17313,0.78006,0.000353988,0.000353988,0.000353988
806,7022.6,0.43713,0.23217,0.81608,0.999,0.99947,0.995,0.97151,0.30429,0.17219,0.77956,0.000353697,0.000353697,0.000353697
807,7030.52,0.42577,0.23285,0.80566,0.99919,0.9995,0.995,0.97105,0.30419,0.17135,0.77986,0.000353406,0.000353406,0.000353406
808,7039.97,0.43034,0.22734,0.80385,0.99849,0.99943,0.995,0.97122,0.30645,0.17245,0.78019,0.000353115,0.000353115,0.000353115
809,7048.42,0.43032,0.23002,0.79607,0.99848,0.99943,0.995,0.96928,0.30709,0.17259,0.77981,0.000352824,0.000352824,0.000352824
810,7056.91,0.45434,0.23188,0.81411,0.99774,0.99941,0.995,0.96705,0.30722,0.1729,0.7797,0.000352532,0.000352532,0.000352532
811,7064.2,0.43524,0.23251,0.80185,0.99723,0.99942,0.995,0.96746,0.31175,0.17515,0.78033,0.000352241,0.000352241,0.000352241
812,7072.6,0.47676,0.25476,0.79876,0.9977,0.9995,0.995,0.96862,0.3096,0.17465,0.78033,0.00035195,0.00035195,0.00035195
813,7082.34,0.45277,0.23848,0.79673,0.99826,0.99964,0.995,0.96825,0.30713,0.17191,0.78004,0.000351659,0.000351659,0.000351659
814,7091.85,0.43992,0.22779,0.8009,0.99848,0.99965,0.995,0.96902,0.30352,0.17205,0.78008,0.000351368,0.000351368,0.000351368
815,7101.27,0.43131,0.22385,0.79757,0.99895,0.99949,0.995,0.97028,0.2973,0.16988,0.77922,0.000351077,0.000351077,0.000351077
816,7109.36,0.44274,0.23021,0.79695,0.9991,0.9995,0.995,0.9692,0.29667,0.16887,0.77895,0.000350786,0.000350786,0.000350786
817,7118.23,0.45849,0.23553,0.80003,0.99882,0.99944,0.995,0.96961,0.2992,0.16791,0.77904,0.000350495,0.000350495,0.000350495
818,7126.64,0.43415,0.22979,0.79738,0.99888,0.99946,0.995,0.97012,0.2995,0.16768,0.77898,0.000350204,0.000350204,0.000350204
819,7135.22,0.44236,0.23072,0.7999,0.9988,0.99957,0.995,0.97195,0.29644,0.16609,0.77854,0.000349913,0.000349913,0.000349913
820,7145.22,0.42904,0.22288,0.79977,0.99899,0.99966,0.995,0.97139,0.29693,0.16698,0.77892,0.000349622,0.000349622,0.000349622
821,7153.85,0.43875,0.23027,0.80746,0.99905,0.99969,0.995,0.97046,0.30098,0.16879,0.77899,0.000349331,0.000349331,0.000349331
822,7162.88,0.48244,0.23534,0.80125,0.999,0.99964,0.995,0.96995,0.30184,0.16993,0.77902,0.00034904,0.00034904,0.00034904
823,7173.11,0.40843,0.21546,0.80205,0.99909,0.9997,0.995,0.97095,0.30134,0.16883,0.77895,0.000348749,0.000348749,0.000348749
824,7181.5,0.42226,0.22451,0.79299,0.99885,0.99945,0.995,0.97041,0.29883,0.16752,0.7791,0.000348458,0.000348458,0.000348458
825,7189.08,0.44532,0.22956,0.79203,0.99878,0.9995,0.995,0.97067,0.29856,0.16605,0.77934,0.000348167,0.000348167,0.000348167
826,7197.23,0.42868,0.22947,0.79361,0.99885,0.99964,0.995,0.97076,0.29572,0.16441,0.77955,0.000347876,0.000347876,0.000347876
827,7205.08,0.4239,0.23024,0.79686,0.99882,0.99979,0.995,0.97245,0.29186,0.16533,0.77952,0.000347584,0.000347584,0.000347584
828,7214.6,0.46342,0.23807,0.80106,0.99888,1,0.995,0.97245,0.29591,0.16691,0.77955,0.000347293,0.000347293,0.000347293
829,7225.66,0.41845,0.21796,0.80731,0.9989,0.99993,0.995,0.97116,0.29628,0.1675,0.77965,0.000347002,0.000347002,0.000347002
830,7233.48,0.43614,0.22719,0.80077,0.99876,0.99973,0.995,0.97253,0.2949,0.16692,0.77956,0.000346711,0.000346711,0.000346711
831,7243.66,0.41748,0.22195,0.79693,0.99878,0.9997,0.995,0.97277,0.29571,0.16617,0.7795,0.00034642,0.00034642,0.00034642
832,7253.5,0.44207,0.23074,0.79777,0.99896,0.99964,0.995,0.97198,0.2935,0.16645,0.77877,0.000346129,0.000346129,0.000346129
833,7260.77,0.47093,0.24229,0.80328,0.99889,0.9994,0.995,0.97058,0.29532,0.16834,0.77886,0.000345838,0.000345838,0.000345838
834,7269.21,0.43198,0.22551,0.79687,0.99893,0.99962,0.995,0.97124,0.29753,0.1678,0.77911,0.000345547,0.000345547,0.000345547
835,7277.3,0.42761,0.22029,0.81753,0.9987,0.99965,0.995,0.9721,0.29917,0.16836,0.7794,0.000345256,0.000345256,0.000345256
836,7286.65,0.4353,0.22812,0.8156,0.99867,0.9997,0.995,0.97153,0.29677,0.16906,0.77913,0.000344965,0.000344965,0.000344965
837,7296.01,0.43631,0.22974,0.80173,0.99885,0.99976,0.995,0.97097,0.29706,0.16896,0.77902,0.000344674,0.000344674,0.000344674
838,7302.64,0.48356,0.24865,0.79251,0.99868,0.99954,0.995,0.97114,0.3001,0.16973,0.77946,0.000344383,0.000344383,0.000344383
839,7311.48,0.43965,0.22854,0.80662,0.99879,0.99943,0.995,0.97199,0.29862,0.16916,0.77949,0.000344092,0.000344092,0.000344092
840,7320.13,0.44131,0.23395,0.78713,0.99847,0.9994,0.995,0.97097,0.30289,0.16877,0.77998,0.000343801,0.000343801,0.000343801
841,7329.36,0.4484,0.23332,0.80406,0.99817,0.99955,0.995,0.97148,0.29941,0.16771,0.77939,0.00034351,0.00034351,0.00034351
842,7337.98,0.41199,0.22097,0.79505,0.99843,0.99975,0.995,0.97268,0.29406,0.16629,0.77843,0.000343219,0.000343219,0.000343219
843,7345.94,0.4202,0.22564,0.78894,0.9988,1,0.995,0.97422,0.28823,0.16664,0.778,0.000342927,0.000342927,0.000342927
844,7355.12,0.43258,0.2286,0.79714,0.99884,1,0.995,0.97403,0.29269,0.16707,0.77848,0.000342636,0.000342636,0.000342636
845,7364.95,0.43715,0.22673,0.81143,0.99869,1,0.995,0.97206,0.2975,0.16705,0.77917,0.000342345,0.000342345,0.000342345
846,7373.66,0.43265,0.22889,0.80034,0.99884,1,0.995,0.9717,0.29437,0.16694,0.77866,0.000342054,0.000342054,0.000342054
847,7383.57,0.42582,0.22559,0.81113,0.99901,0.99966,0.995,0.97092,0.29523,0.16572,0.77884,0.000341763,0.000341763,0.000341763
848,7391.96,0.44038,0.22946,0.79317,0.9988,0.99966,0.995,0.97111,0.29785,0.16679,0.77897,0.000341472,0.000341472,0.000341472
849,7398.13,0.47174,0.24038,0.79078,0.99869,0.99998,0.995,0.97157,0.29361,0.16467,0.7786,0.000341181,0.000341181,0.000341181
850,7406.41,0.43976,0.22527,0.79809,0.99873,1,0.995,0.97226,0.29263,0.16483,0.77888,0.00034089,0.00034089,0.00034089
851,7415.64,0.40993,0.21419,0.80442,0.99848,1,0.995,0.97436,0.28996,0.16449,0.77887,0.000340599,0.000340599,0.000340599
852,7426.06,0.42401,0.22476,0.80042,0.9983,1,0.995,0.97423,0.28945,0.16389,0.7786,0.000340308,0.000340308,0.000340308
853,7433.64,0.45135,0.23767,0.80813,0.99815,1,0.995,0.97185,0.29599,0.16563,0.77909,0.000340017,0.000340017,0.000340017
854,7443.09,0.43212,0.22369,0.80593,0.99821,0.99976,0.995,0.97219,0.29235,0.16397,0.77868,0.000339726,0.000339726,0.000339726
855,7452.25,0.39123,0.21052,0.80217,0.9984,1,0.995,0.97347,0.28499,0.16104,0.77791,0.000339435,0.000339435,0.000339435
856,7462.13,0.42109,0.22052,0.79954,0.99854,1,0.995,0.97554,0.28405,0.16095,0.77781,0.000339144,0.000339144,0.000339144
857,7471.44,0.39123,0.21774,0.75462,0.99862,1,0.995,0.9749,0.28327,0.16067,0.7778,0.000338853,0.000338853,0.000338853
858,7480.8,0.41615,0.22038,0.80449,0.99902,0.99989,0.995,0.97459,0.28617,0.16144,0.77813,0.000338562,0.000338562,0.000338562
859,7489.68,0.42468,0.22698,0.79645,0.99923,1,0.995,0.97563,0.28557,0.1611,0.77821,0.000338271,0.000338271,0.000338271
860,7501.89,0.39227,0.21241,0.80615,0.99908,0.99987,0.995,0.97366,0.28823,0.16195,0.7788,0.000337979,0.000337979,0.000337979
861,7511.47,0.40904,0.22014,0.80524,0.99874,0.99978,0.995,0.97207,0.29123,0.16208,0.77858,0.000337688,0.000337688,0.000337688
862,7519.73,0.41432,0.22467,0.79961,0.99888,0.99982,0.995,0.97165,0.29269,0.1629,0.77848,0.000337397,0.000337397,0.000337397
863,7528.6,0.42077,0.22396,0.80121,0.99895,1,0.995,0.97299,0.29148,0.16326,0.77835,0.000337106,0.000337106,0.000337106
864,7536.16,0.47076,0.24409,0.79526,0.99885,1,0.995,0.97178,0.29314,0.16467,0.77835,0.000336815,0.000336815,0.000336815
865,7544.21,0.43772,0.22961,0.79627,0.99883,0.99981,0.995,0.97312,0.29014,0.16553,0.77815,0.000336524,0.000336524,0.000336524
866,7553.61,0.42213,0.2237,0.79925,0.99881,0.99978,0.995,0.9752,0.28583,0.16334,0.77806,0.000336233,0.000336233,0.000336233
867,7563.05,0.46013,0.23176,0.81275,0.9985,0.99973,0.995,0.97412,0.28647,0.16317,0.77795,0.000335942,0.000335942,0.000335942
868,7571.96,0.4259,0.21877,0.80499,0.99862,1,0.995,0.97341,0.28846,0.16267,0.77815,0.000335651,0.000335651,0.000335651
869,7581.76,0.40422,0.20951,0.79665,0.99836,1,0.995,0.97423,0.28523,0.161,0.77799,0.00033536,0.00033536,0.00033536
870,7590.82,0.44588,0.22776,0.79981,0.99817,1,0.995,0.97507,0.27869,0.16026,0.77754,0.000335069,0.000335069,0.000335069
871,7600.25,0.44346,0.22671,0.80899,0.99819,0.99998,0.995,0.97413,0.28362,0.16166,0.77792,0.000334778,0.000334778,0.000334778
872,7608.89,0.40622,0.2144,0.79874,0.99867,0.99989,0.995,0.9733,0.28393,0.16105,0.77766,0.000334487,0.000334487,0.000334487
873,7619.23,0.41659,0.21558,0.80266,0.99874,0.99981,0.995,0.97325,0.28467,0.1619,0.77763,0.000334196,0.000334196,0.000334196
874,7627.89,0.44089,0.23156,0.80175,0.99859,1,0.995,0.97527,0.28241,0.16085,0.77741,0.000333905,0.000333905,0.000333905
875,7636.12,0.41257,0.21684,0.7823,0.99855,1,0.995,0.97673,0.28136,0.16003,0.77721,0.000333614,0.000333614,0.000333614
876,7646.4,0.42478,0.22274,0.80842,0.99844,1,0.995,0.97555,0.28321,0.16032,0.77724,0.000333322,0.000333322,0.000333322
877,7655.79,0.44046,0.22798,0.80331,0.99822,1,0.995,0.97324,0.28861,0.16224,0.77795,0.000333031,0.000333031,0.000333031
878,7664.58,0.43317,0.22577,0.79593,0.99877,0.99987,0.995,0.9745,0.29028,0.16254,0.77851,0.00033274,0.00033274,0.00033274
879,7673.57,0.41131,0.2156,0.8112,0.99851,0.99995,0.995,0.97585,0.28482,0.16092,0.77779,0.000332449,0.000332449,0.000332449
880,7681.16,0.44099,0.24388,0.79481,0.99839,1,0.995,0.97367,0.2869,0.16273,0.77826,0.000332158,0.000332158,0.000332158
881,7688.95,0.42335,0.22302,0.80504,0.99842,0.99991,0.995,0.97636,0.28226,0.16074,0.77772,0.000331867,0.000331867,0.000331867
882,7697.55,0.4253,0.22293,0.78961,0.99873,0.99991,0.995,0.97707,0.27621,0.15802,0.77679,0.000331576,0.000331576,0.000331576
883,7707.43,0.42396,0.22241,0.79865,0.99861,0.9999,0.995,0.97701,0.279,0.1584,0.77692,0.000331285,0.000331285,0.000331285
884,7715.81,0.43027,0.22667,0.80153,0.99896,0.9997,0.995,0.9766,0.28259,0.16011,0.77733,0.000330994,0.000330994,0.000330994
885,7725.22,0.41688,0.21634,0.80031,0.9991,0.99973,0.995,0.9753,0.28573,0.16073,0.77756,0.000330703,0.000330703,0.000330703
886,7733.74,0.4333,0.23731,0.80636,0.99879,0.99984,0.995,0.97571,0.28464,0.16018,0.7775,0.000330412,0.000330412,0.000330412
887,7741.88,0.42039,0.22251,0.79441,0.99863,1,0.995,0.97517,0.28471,0.15939,0.7776,0.000330121,0.000330121,0.000330121
888,7748.93,0.45416,0.23507,0.79795,0.99892,0.99983,0.995,0.97649,0.28249,0.15897,0.77736,0.00032983,0.00032983,0.00032983
889,7757.59,0.40405,0.21343,0.80159,0.99874,0.99982,0.995,0.9764,0.27918,0.15835,0.77699,0.000329539,0.000329539,0.000329539
890,7767.34,0.38453,0.20765,0.80532,0.99846,0.9998,0.995,0.97778,0.27331,0.1565,0.77639,0.000329248,0.000329248,0.000329248
891,7777.19,0.41542,0.22235,0.80013,0.99846,0.99993,0.995,0.97835,0.27551,0.15756,0.77662,0.000328957,0.000328957,0.000328957
892,7786.5,0.42826,0.22552,0.81074,0.99846,1,0.995,0.97906,0.27674,0.15875,0.77685,0.000328666,0.000328666,0.000328666
893,7796.77,0.43396,0.22785,0.79978,0.99877,0.99976,0.995,0.97849,0.27552,0.15795,0.77653,0.000328374,0.000328374,0.000328374
894,7806.35,0.41527,0.21967,0.79886,0.99905,0.99982,0.995,0.97776,0.27722,0.1575,0.77678,0.000328083,0.000328083,0.000328083
895,7816.14,0.40269,0.21216,0.79623,0.99899,0.99982,0.995,0.97765,0.27752,0.15836,0.77661,0.000327792,0.000327792,0.000327792
896,7824.28,0.40659,0.21545,0.79472,0.99869,0.99978,0.995,0.97919,0.27391,0.15746,0.77624,0.000327501,0.000327501,0.000327501
897,7833.55,0.43098,0.22664,0.79438,0.99876,0.99979,0.995,0.97845,0.27567,0.15782,0.77615,0.00032721,0.00032721,0.00032721
898,7843.05,0.4009,0.21456,0.80175,0.99853,1,0.995,0.97675,0.28314,0.1597,0.77718,0.000326919,0.000326919,0.000326919
899,7850.14,0.44046,0.22985,0.79599,0.9989,1,0.995,0.97739,0.27887,0.15945,0.77717,0.000326628,0.000326628,0.000326628
900,7858.7,0.42191,0.22373,0.79564,0.99922,0.99981,0.995,0.97596,0.27967,0.16002,0.77713,0.000326337,0.000326337,0.000326337
901,7867.19,0.42155,0.21898,0.79452,0.99908,0.99981,0.995,0.97801,0.27844,0.15897,0.77694,0.000326046,0.000326046,0.000326046
902,7875.99,0.42016,0.22632,0.78931,0.99925,0.99999,0.995,0.97696,0.28014,0.15987,0.777,0.000325755,0.000325755,0.000325755
903,7883.45,0.43692,0.22761,0.79273,0.99931,0.9999,0.995,0.97718,0.27921,0.16062,0.77665,0.000325464,0.000325464,0.000325464
904,7893.08,0.38161,0.20973,0.8033,0.99926,0.99992,0.995,0.97907,0.28105,0.15965,0.7769,0.000325173,0.000325173,0.000325173
905,7900.76,0.418,0.22527,0.79758,0.9987,1,0.995,0.97848,0.27974,0.16032,0.7767,0.000324882,0.000324882,0.000324882
906,7909.13,0.43403,0.22489,0.79518,0.99843,1,0.995,0.9782,0.27565,0.15965,0.77596,0.000324591,0.000324591,0.000324591
907,7917.27,0.38518,0.20695,0.79359,0.99867,1,0.995,0.97758,0.27836,0.16116,0.77576,0.0003243,0.0003243,0.0003243
908,7926.87,0.41817,0.22071,0.80401,0.99832,1,0.995,0.97676,0.28275,0.16239,0.77601,0.000324009,0.000324009,0.000324009
909,7936.12,0.40973,0.22008,0.80051,0.998,1,0.995,0.97961,0.27999,0.16122,0.77581,0.000323718,0.000323718,0.000323718
910,7944.63,0.41465,0.22933,0.80419,0.99834,1,0.995,0.97865,0.27866,0.16003,0.77563,0.000323426,0.000323426,0.000323426
911,7953.66,0.4076,0.23074,0.80115,0.99841,1,0.995,0.97682,0.28123,0.16046,0.77617,0.000323135,0.000323135,0.000323135
912,7961.98,0.3963,0.21699,0.7974,0.99815,1,0.995,0.97647,0.28117,0.16045,0.77666,0.000322844,0.000322844,0.000322844
913,7972.61,0.37837,0.2076,0.78907,0.99824,1,0.995,0.9762,0.28283,0.16017,0.77696,0.000322553,0.000322553,0.000322553
914,7981.21,0.40849,0.21644,0.79856,0.99834,1,0.995,0.97669,0.28068,0.15985,0.77651,0.000322262,0.000322262,0.000322262
915,7989.98,0.40729,0.21723,0.79317,0.99848,1,0.995,0.9782,0.27662,0.15833,0.77605,0.000321971,0.000321971,0.000321971
916,7997.89,0.4338,0.22764,0.80691,0.99842,1,0.995,0.97819,0.27391,0.15748,0.77589,0.00032168,0.00032168,0.00032168
917,8005.48,0.42572,0.22642,0.79246,0.99862,0.9998,0.995,0.97713,0.27567,0.15757,0.77626,0.000321389,0.000321389,0.000321389
918,8014.11,0.41135,0.22018,0.79842,0.99891,0.9996,0.995,0.97778,0.27472,0.15657,0.77623,0.000321098,0.000321098,0.000321098
919,8022.82,0.41865,0.22481,0.7939,0.99879,0.99962,0.995,0.97816,0.27202,0.15661,0.77602,0.000320807,0.000320807,0.000320807
920,8031.02,0.44887,0.23007,0.8069,0.99888,0.99979,0.995,0.97925,0.2714,0.15636,0.77603,0.000320516,0.000320516,0.000320516
921,8039.06,0.40852,0.2181,0.80505,0.99895,0.9998,0.995,0.97848,0.27332,0.15818,0.77616,0.000320225,0.000320225,0.000320225
922,8046.2,0.41315,0.22066,0.79195,0.99881,0.99983,0.995,0.97693,0.27393,0.15891,0.776,0.000319934,0.000319934,0.000319934
923,8054.35,0.43838,0.22765,0.79048,0.99863,0.99969,0.995,0.97684,0.27511,0.15917,0.77583,0.000319643,0.000319643,0.000319643
924,8064.45,0.39161,0.20622,0.80493,0.99867,0.99954,0.995,0.97925,0.27098,0.15779,0.77519,0.000319352,0.000319352,0.000319352
925,8074.41,0.39832,0.2117,0.80205,0.9988,0.99956,0.995,0.97939,0.26757,0.15654,0.77479,0.000319061,0.000319061,0.000319061
926,8083.69,0.40178,0.21724,0.79189,0.99877,0.99971,0.995,0.98031,0.26878,0.15718,0.77494,0.000318769,0.000318769,0.000318769
927,8092.6,0.40922,0.21695,0.7933,0.99881,0.99971,0.995,0.98026,0.27008,0.15847,0.77492,0.000318478,0.000318478,0.000318478
928,8100.45,0.42904,0.22531,0.78847,0.99914,0.99972,0.995,0.98031,0.27155,0.15886,0.77521,0.000318187,0.000318187,0.000318187
929,8110.09,0.39516,0.21691,0.79391,0.99904,0.99986,0.995,0.97919,0.27394,0.15963,0.77534,0.000317896,0.000317896,0.000317896
930,8119.42,0.40913,0.21613,0.79868,0.99909,0.99999,0.995,0.97918,0.26943,0.15782,0.77509,0.000317605,0.000317605,0.000317605
931,8127.87,0.41736,0.22244,0.79397,0.99903,1,0.995,0.97874,0.26964,0.15712,0.77531,0.000317314,0.000317314,0.000317314
932,8136.63,0.42036,0.22865,0.79902,0.99866,1,0.995,0.97828,0.27194,0.15715,0.77529,0.000317023,0.000317023,0.000317023
933,8144.69,0.41707,0.21807,0.7928,0.99861,0.99985,0.995,0.97772,0.2761,0.15789,0.77566,0.000316732,0.000316732,0.000316732
934,8153.62,0.38758,0.22631,0.79313,0.99862,0.99981,0.995,0.97706,0.27685,0.15858,0.77561,0.000316441,0.000316441,0.000316441
935,8163.55,0.38556,0.20546,0.79309,0.99879,0.99987,0.995,0.97942,0.27372,0.15863,0.77528,0.00031615,0.00031615,0.00031615
936,8172.76,0.3906,0.21133,0.78783,0.99891,0.99994,0.995,0.98034,0.27041,0.15736,0.77489,0.000315859,0.000315859,0.000315859
937,8179.91,0.43382,0.22434,0.80394,0.99889,0.9999,0.995,0.97978,0.26922,0.15677,0.77462,0.000315568,0.000315568,0.000315568
938,8187.97,0.41658,0.21569,0.80197,0.99931,0.99977,0.995,0.97884,0.27532,0.15771,0.77515,0.000315277,0.000315277,0.000315277
939,8196.92,0.42112,0.21832,0.79833,0.99931,0.99975,0.995,0.97804,0.27593,0.15809,0.77547,0.000314986,0.000314986,0.000314986
940,8205.75,0.3816,0.20772,0.78704,0.99902,0.99969,0.995,0.97835,0.27721,0.15648,0.77574,0.000314695,0.000314695,0.000314695
941,8212.3,0.43886,0.23326,0.79483,0.99907,0.99988,0.995,0.97898,0.27469,0.15601,0.77571,0.000314404,0.000314404,0.000314404
942,8222.09,0.40459,0.21094,0.80389,0.99878,1,0.995,0.97966,0.27459,0.15531,0.77579,0.000314113,0.000314113,0.000314113
943,8231.04,0.40651,0.2215,0.79593,0.99896,1,0.995,0.97929,0.2718,0.15357,0.77559,0.000313821,0.000313821,0.000313821
944,8239.52,0.40946,0.21768,0.80151,0.99888,1,0.995,0.97878,0.27191,0.15385,0.77569,0.00031353,0.00031353,0.00031353
945,8248.45,0.40605,0.21123,0.79556,0.9987,1,0.995,0.97954,0.27003,0.15319,0.77557,0.000313239,0.000313239,0.000313239
946,8258.16,0.38716,0.20405,0.79762,0.99863,1,0.995,0.98075,0.26731,0.15417,0.77507,0.000312948,0.000312948,0.000312948
947,8267.01,0.44057,0.22667,0.80095,0.99881,1,0.995,0.98042,0.26702,0.15478,0.77497,0.000312657,0.000312657,0.000312657
948,8277.23,0.41708,0.2212,0.80531,0.99863,1,0.995,0.98025,0.2689,0.15597,0.77534,0.000312366,0.000312366,0.000312366
949,8283.66,0.43728,0.22423,0.79106,0.9987,1,0.995,0.98053,0.26847,0.15557,0.77535,0.000312075,0.000312075,0.000312075
950,8292.57,0.38483,0.21418,0.8017,0.9989,1,0.995,0.97916,0.27155,0.15613,0.77554,0.000311784,0.000311784,0.000311784
951,8301.37,0.377,0.20603,0.78341,0.99892,1,0.995,0.98007,0.26891,0.15459,0.77537,0.000311493,0.000311493,0.000311493
952,8310.98,0.39451,0.21493,0.79348,0.99893,1,0.995,0.98029,0.26905,0.15312,0.77491,0.000311202,0.000311202,0.000311202
953,8320.25,0.36891,0.1962,0.79107,0.99858,1,0.995,0.98171,0.2649,0.15186,0.77456,0.000310911,0.000310911,0.000310911
954,8328.31,0.41042,0.21833,0.79728,0.99896,1,0.995,0.98194,0.26257,0.15102,0.77437,0.00031062,0.00031062,0.00031062
955,8337.4,0.39038,0.20798,0.80161,0.99916,1,0.995,0.9817,0.26533,0.15019,0.77461,0.000310329,0.000310329,0.000310329
956,8345.69,0.39308,0.2054,0.78999,0.99909,1,0.995,0.98045,0.2668,0.15008,0.77481,0.000310038,0.000310038,0.000310038
957,8355.36,0.42446,0.22047,0.79971,0.99895,1,0.995,0.97925,0.26936,0.15229,0.77502,0.000309747,0.000309747,0.000309747
958,8364.47,0.40158,0.21055,0.80111,0.99893,1,0.995,0.98061,0.26658,0.15201,0.77456,0.000309456,0.000309456,0.000309456
959,8372.41,0.43397,0.23024,0.79045,0.99906,1,0.995,0.98058,0.2667,0.15357,0.77477,0.000309165,0.000309165,0.000309165
960,8380.23,0.42515,0.22606,0.79544,0.99914,1,0.995,0.98138,0.26821,0.15354,0.77515,0.000308873,0.000308873,0.000308873
961,8387.76,0.40106,0.2153,0.7942,0.99888,1,0.995,0.98101,0.26866,0.15363,0.77524,0.000308582,0.000308582,0.000308582
962,8395.33,0.41062,0.21979,0.78842,0.999,0.99983,0.995,0.97759,0.27261,0.15452,0.7755,0.000308291,0.000308291,0.000308291
963,8403.31,0.41036,0.21533,0.79332,0.999,0.99973,0.995,0.97799,0.27282,0.15356,0.77555,0.000308,0.000308,0.000308
964,8411.26,0.40993,0.21456,0.79795,0.99896,0.99975,0.995,0.97975,0.27031,0.15285,0.77543,0.000307709,0.000307709,0.000307709
965,8420.52,0.41454,0.21879,0.79826,0.99894,0.99972,0.995,0.97989,0.26906,0.15192,0.77515,0.000307418,0.000307418,0.000307418
966,8428.91,0.37746,0.20457,0.78889,0.9989,0.99969,0.995,0.98134,0.26898,0.15302,0.77514,0.000307127,0.000307127,0.000307127
967,8437.85,0.4036,0.21931,0.78998,0.99879,0.99975,0.995,0.97995,0.27082,0.15434,0.77542,0.000306836,0.000306836,0.000306836
968,8447.67,0.37932,0.20986,0.79507,0.99887,0.99983,0.995,0.97896,0.26966,0.15286,0.77551,0.000306545,0.000306545,0.000306545
969,8453.89,0.40659,0.21777,0.78576,0.99913,0.99986,0.995,0.97987,0.2686,0.15249,0.77521,0.000306254,0.000306254,0.000306254
970,8461.75,0.40656,0.21601,0.80172,0.99901,0.99984,0.995,0.98074,0.26826,0.15221,0.77483,0.000305963,0.000305963,0.000305963
971,8470.77,0.39516,0.21422,0.80291,0.99901,0.99979,0.995,0.98126,0.26592,0.15194,0.77448,0.000305672,0.000305672,0.000305672
972,8478.72,0.42361,0.21847,0.80142,0.99897,0.99988,0.995,0.9813,0.2611,0.15171,0.77393,0.000305381,0.000305381,0.000305381
973,8487.58,0.38194,0.20844,0.7995,0.99875,0.99995,0.995,0.98048,0.26329,0.15263,0.77425,0.00030509,0.00030509,0.00030509
974,8495.76,0.39811,0.21145,0.79183,0.99886,1,0.995,0.98171,0.26261,0.15217,0.77424,0.000304799,0.000304799,0.000304799
975,8505.44,0.3943,0.2061,0.79562,0.99894,1,0.995,0.9807,0.26328,0.15166,0.77439,0.000304508,0.000304508,0.000304508
976,8514.57,0.38071,0.20437,0.79474,0.99897,1,0.995,0.98116,0.26176,0.15046,0.77438,0.000304216,0.000304216,0.000304216
977,8523.1,0.37615,0.20427,0.79909,0.99899,1,0.995,0.98179,0.25968,0.15014,0.77425,0.000303925,0.000303925,0.000303925
978,8530.57,0.40354,0.23749,0.79785,0.99899,0.99986,0.995,0.98136,0.25929,0.14934,0.7741,0.000303634,0.000303634,0.000303634
979,8539.46,0.38539,0.20431,0.79382,0.99902,0.99987,0.995,0.98158,0.25938,0.14948,0.77399,0.000303343,0.000303343,0.000303343
980,8547.13,0.39514,0.21566,0.78987,0.9989,0.99997,0.995,0.98133,0.25789,0.14832,0.77387,0.000303052,0.000303052,0.000303052
981,8557.26,0.3638,0.20033,0.79695,0.99891,1,0.995,0.98122,0.26045,0.14962,0.77414,0.000302761,0.000302761,0.000302761
982,8565.43,0.38535,0.20822,0.79392,0.99881,1,0.995,0.98091,0.26205,0.1496,0.77431,0.00030247,0.00030247,0.00030247
983,8575.64,0.36862,0.19993,0.80305,0.99867,1,0.995,0.981,0.26447,0.14915,0.77486,0.000302179,0.000302179,0.000302179
984,8583.69,0.39468,0.21125,0.79044,0.9989,1,0.995,0.98146,0.26582,0.14901,0.77505,0.000301888,0.000301888,0.000301888
985,8592.11,0.40124,0.21135,0.79913,0.99861,1,0.995,0.98245,0.26242,0.14845,0.77487,0.000301597,0.000301597,0.000301597
986,8601.71,0.37942,0.22728,0.80624,0.99891,1,0.995,0.98326,0.26228,0.15002,0.77495,0.000301306,0.000301306,0.000301306
987,8610.43,0.37179,0.20899,0.78465,0.999,1,0.995,0.98218,0.26109,0.14973,0.77485,0.000301015,0.000301015,0.000301015
988,8619.64,0.41302,0.22018,0.7949,0.99897,1,0.995,0.98205,0.26258,0.1498,0.77482,0.000300724,0.000300724,0.000300724
989,8627.56,0.37385,0.20791,0.79301,0.99905,1,0.995,0.9828,0.26212,0.14959,0.77471,0.000300433,0.000300433,0.000300433
990,8634.95,0.38037,0.20207,0.79387,0.99909,0.99991,0.995,0.98228,0.26222,0.1497,0.77474,0.000300142,0.000300142,0.000300142
991,8644.87,0.36086,0.1966,0.79959,0.99909,0.99979,0.995,0.98322,0.25791,0.14909,0.77422,0.000299851,0.000299851,0.000299851
992,8654.23,0.37989,0.19943,0.78698,0.99912,0.99976,0.995,0.9841,0.25509,0.14807,0.77371,0.00029956,0.00029956,0.00029956
993,8662.22,0.38298,0.20828,0.78348,0.99914,0.99973,0.995,0.98357,0.25682,0.14833,0.77373,0.000299268,0.000299268,0.000299268
994,8670.05,0.35831,0.19786,0.75635,0.99907,0.99988,0.995,0.98288,0.25719,0.1479,0.77386,0.000298977,0.000298977,0.000298977
995,8676.58,0.40293,0.21521,0.79187,0.99878,0.99999,0.995,0.98203,0.25834,0.14851,0.77403,0.000298686,0.000298686,0.000298686
996,8685.89,0.41878,0.21347,0.79514,0.99886,0.99991,0.995,0.98195,0.25671,0.14851,0.77401,0.000298395,0.000298395,0.000298395
997,8695.56,0.37339,0.20131,0.79378,0.99891,0.9999,0.995,0.98231,0.25471,0.14839,0.77393,0.000298104,0.000298104,0.000298104
998,8703.15,0.38564,0.20682,0.78883,0.99889,1,0.995,0.98344,0.2555,0.14818,0.77397,0.000297813,0.000297813,0.000297813
999,8711.7,0.38458,0.20966,0.79236,0.99889,1,0.995,0.9827,0.25805,0.14856,0.77453,0.000297522,0.000297522,0.000297522
1000,8720.95,0.38321,0.20513,0.80029,0.99868,1,0.995,0.98134,0.26075,0.14957,0.77486,0.000297231,0.000297231,0.000297231
1001,8728.7,0.4211,0.21874,0.7906,0.99875,0.99995,0.995,0.9822,0.25917,0.14805,0.77457,0.00029694,0.00029694,0.00029694
1002,8737.6,0.38622,0.20917,0.79922,0.9989,0.99979,0.995,0.98116,0.25676,0.1479,0.77423,0.000296649,0.000296649,0.000296649
1003,8746.18,0.4113,0.21714,0.79864,0.99903,0.99983,0.995,0.98206,0.25547,0.14763,0.77411,0.000296358,0.000296358,0.000296358
1004,8755.78,0.38112,0.20582,0.79152,0.99914,0.99985,0.995,0.98127,0.25841,0.14861,0.77459,0.000296067,0.000296067,0.000296067
1005,8765.2,0.38122,0.20738,0.80009,0.99905,1,0.995,0.98047,0.25965,0.14896,0.7747,0.000295776,0.000295776,0.000295776
1006,8774.29,0.38712,0.2086,0.79842,0.99894,1,0.995,0.982,0.25955,0.14895,0.77469,0.000295485,0.000295485,0.000295485
1007,8782.25,0.39785,0.21417,0.7984,0.99876,1,0.995,0.98113,0.26157,0.14906,0.77473,0.000295194,0.000295194,0.000295194
1008,8790.1,0.41147,0.2134,0.79771,0.99874,1,0.995,0.98062,0.26236,0.14984,0.77471,0.000294903,0.000294903,0.000294903
1009,8797.61,0.39778,0.2135,0.78374,0.99848,1,0.995,0.98162,0.25914,0.1487,0.77436,0.000294612,0.000294612,0.000294612
1010,8805.27,0.40465,0.21802,0.79779,0.99855,1,0.995,0.98098,0.2591,0.1491,0.77427,0.00029432,0.00029432,0.00029432
1011,8812.56,0.38774,0.20578,0.78922,0.99859,0.99997,0.995,0.98123,0.25939,0.14892,0.77431,0.000294029,0.000294029,0.000294029
1012,8822.7,0.36312,0.19596,0.80317,0.99854,0.99978,0.995,0.98263,0.25472,0.14739,0.77402,0.000293738,0.000293738,0.000293738
1013,8831.12,0.39097,0.20821,0.79567,0.99857,0.99976,0.995,0.98388,0.25261,0.1474,0.77369,0.000293447,0.000293447,0.000293447
1014,8838.7,0.40052,0.21352,0.79479,0.99871,0.9998,0.995,0.983,0.25342,0.14786,0.77352,0.000293156,0.000293156,0.000293156
1015,8847.36,0.37379,0.20524,0.79197,0.99852,1,0.995,0.98438,0.25227,0.14742,0.77356,0.000292865,0.000292865,0.000292865
1016,8856.97,0.35827,0.21739,0.79114,0.99829,1,0.995,0.9828,0.25506,0.14846,0.77383,0.000292574,0.000292574,0.000292574
1017,8865.61,0.38905,0.2082,0.79357,0.99849,1,0.995,0.98306,0.25349,0.14736,0.77367,0.000292283,0.000292283,0.000292283
1018,8873.66,0.39613,0.21043,0.79327,0.99883,1,0.995,0.98363,0.25444,0.14699,0.77378,0.000291992,0.000291992,0.000291992
1019,8882.54,0.37883,0.20648,0.79281,0.999,1,0.995,0.98289,0.25479,0.14669,0.77381,0.000291701,0.000291701,0.000291701
1020,8891.17,0.38936,0.21059,0.79522,0.99911,1,0.995,0.98405,0.25602,0.14715,0.77377,0.00029141,0.00029141,0.00029141
1021,8901.35,0.36661,0.20207,0.79763,0.99918,0.99983,0.995,0.9824,0.25901,0.14739,0.77421,0.000291119,0.000291119,0.000291119
1022,8909.38,0.38853,0.21367,0.78668,0.99906,0.99976,0.995,0.98294,0.25988,0.14779,0.77431,0.000290828,0.000290828,0.000290828
1023,8917.89,0.36402,0.19888,0.78865,0.99908,0.99976,0.995,0.98273,0.26029,0.14802,0.77432,0.000290537,0.000290537,0.000290537
1024,8927.7,0.38863,0.20563,0.80616,0.99919,0.99982,0.995,0.9829,0.25981,0.14745,0.77432,0.000290246,0.000290246,0.000290246
1025,8936.56,0.38225,0.20786,0.78892,0.99914,0.99988,0.995,0.98383,0.2582,0.14702,0.77439,0.000289955,0.000289955,0.000289955
1026,8944.38,0.40053,0.21501,0.79865,0.99892,0.99987,0.995,0.98254,0.25926,0.14831,0.77476,0.000289664,0.000289664,0.000289664
1027,8951.79,0.38954,0.20633,0.78812,0.99894,0.9998,0.995,0.98251,0.25866,0.1479,0.77479,0.000289372,0.000289372,0.000289372
1028,8960.25,0.37873,0.20201,0.79027,0.99891,0.99978,0.995,0.98269,0.2566,0.14792,0.77437,0.000289081,0.000289081,0.000289081
1029,8969.37,0.39116,0.20393,0.79856,0.99873,0.99977,0.995,0.98243,0.26016,0.14789,0.77452,0.00028879,0.00028879,0.00028879
1030,8978.99,0.3791,0.20485,0.79192,0.99879,0.99976,0.995,0.98181,0.26095,0.14872,0.77448,0.000288499,0.000288499,0.000288499
1031,8987.18,0.38791,0.21665,0.79146,0.99874,0.99978,0.995,0.98218,0.2594,0.1491,0.7742,0.000288208,0.000288208,0.000288208
1032,8995.34,0.36594,0.19846,0.75278,0.99885,0.99987,0.995,0.9827,0.25619,0.14739,0.77373,0.000287917,0.000287917,0.000287917
1033,9003.05,0.36105,0.20243,0.78926,0.99887,0.99996,0.995,0.98301,0.25468,0.14605,0.77365,0.000287626,0.000287626,0.000287626
1034,9010.55,0.38606,0.20694,0.78708,0.99889,0.99999,0.995,0.98265,0.25435,0.14577,0.77368,0.000287335,0.000287335,0.000287335
1035,9019.5,0.37701,0.20484,0.78741,0.99885,0.99995,0.995,0.98207,0.2559,0.14605,0.77375,0.000287044,0.000287044,0.000287044
1036,9027.9,0.41597,0.23599,0.7874,0.99889,1,0.995,0.98294,0.25599,0.14602,0.77382,0.000286753,0.000286753,0.000286753
1037,9037.57,0.39892,0.21365,0.81988,0.99897,1,0.995,0.98379,0.25284,0.14639,0.77371,0.000286462,0.000286462,0.000286462
1038,9046.25,0.37896,0.20458,0.78886,0.99889,1,0.995,0.98468,0.24961,0.14684,0.77347,0.000286171,0.000286171,0.000286171
1039,9056.57,0.35633,0.19691,0.7832,0.99909,1,0.995,0.98492,0.24776,0.14588,0.77324,0.00028588,0.00028588,0.00028588
1040,9066.34,0.35586,0.19563,0.79243,0.99892,1,0.995,0.985,0.24623,0.14512,0.77311,0.000285589,0.000285589,0.000285589
1041,9075.78,0.3741,0.20227,0.78159,0.99875,1,0.995,0.98479,0.24626,0.14462,0.77282,0.000285298,0.000285298,0.000285298
1042,9084.4,0.39969,0.2102,0.79727,0.99886,1,0.995,0.98497,0.24812,0.14467,0.77297,0.000285007,0.000285007,0.000285007
1043,9094.74,0.36595,0.1971,0.80164,0.99887,1,0.995,0.98492,0.24726,0.14416,0.77292,0.000284715,0.000284715,0.000284715
1044,9103.89,0.38292,0.20457,0.79311,0.99874,1,0.995,0.9842,0.24873,0.14566,0.77296,0.000284424,0.000284424,0.000284424
1045,9112.27,0.34957,0.19351,0.79828,0.99867,1,0.995,0.98433,0.24654,0.14478,0.77254,0.000284133,0.000284133,0.000284133
1046,9119.3,0.40717,0.21505,0.78625,0.99869,1,0.995,0.98533,0.24665,0.14428,0.77242,0.000283842,0.000283842,0.000283842
1047,9128.23,0.37232,0.20037,0.79401,0.99887,1,0.995,0.98504,0.24776,0.14412,0.77264,0.000283551,0.000283551,0.000283551
1048,9137.16,0.35788,0.19777,0.79657,0.99882,1,0.995,0.98432,0.24886,0.14577,0.77268,0.00028326,0.00028326,0.00028326
1049,9147.38,0.36197,0.19653,0.79263,0.99916,1,0.995,0.98405,0.24912,0.14582,0.77273,0.000282969,0.000282969,0.000282969
1050,9156.14,0.36789,0.19967,0.78843,0.99908,1,0.995,0.9843,0.24879,0.14498,0.77268,0.000282678,0.000282678,0.000282678
1051,9164.39,0.35459,0.196,0.75386,0.99913,1,0.995,0.98478,0.24886,0.14432,0.77286,0.000282387,0.000282387,0.000282387
1052,9172.65,0.39191,0.21036,0.79362,0.99915,1,0.995,0.98387,0.25004,0.14458,0.77309,0.000282096,0.000282096,0.000282096
1053,9182.26,0.35576,0.19587,0.78375,0.99901,1,0.995,0.98361,0.252,0.145,0.77327,0.000281805,0.000281805,0.000281805
1054,9191.68,0.35929,0.19628,0.79692,0.99909,1,0.995,0.98306,0.25145,0.14494,0.77349,0.000281514,0.000281514,0.000281514
1055,9200.08,0.36648,0.1981,0.79132,0.99884,1,0.995,0.98268,0.25072,0.14594,0.77356,0.000281223,0.000281223,0.000281223
1056,9208.11,0.3731,0.20545,0.78958,0.99883,1,0.995,0.98227,0.24693,0.14458,0.77313,0.000280932,0.000280932,0.000280932
1057,9216.55,0.41131,0.23711,0.78701,0.99903,0.99984,0.995,0.98211,0.24886,0.14483,0.77329,0.000280641,0.000280641,0.000280641
1058,9226.03,0.36152,0.1985,0.79073,0.99903,0.99985,0.995,0.98357,0.24916,0.14475,0.77328,0.00028035,0.00028035,0.00028035
1059,9235.37,0.35402,0.19658,0.7981,0.99907,0.99988,0.995,0.9838,0.24615,0.14386,0.77274,0.000280059,0.000280059,0.000280059
1060,9244.09,0.37508,0.19922,0.78975,0.99905,0.99996,0.995,0.98464,0.24476,0.14297,0.77252,0.000279767,0.000279767,0.000279767
1061,9253.54,0.37372,0.20055,0.78838,0.99905,1,0.995,0.98422,0.24673,0.14346,0.77265,0.000279476,0.000279476,0.000279476
1062,9261.56,0.37247,0.19933,0.78742,0.99909,1,0.995,0.98415,0.24767,0.14331,0.7727,0.000279185,0.000279185,0.000279185
1063,9270.17,0.37313,0.19958,0.78256,0.9991,1,0.995,0.98553,0.24595,0.14293,0.77268,0.000278894,0.000278894,0.000278894
1064,9279.56,0.38273,0.20323,0.80089,0.99908,1,0.995,0.98588,0.24298,0.14281,0.77252,0.000278603,0.000278603,0.000278603
1065,9289.73,0.3558,0.19066,0.79495,0.99915,1,0.995,0.98558,0.24081,0.14152,0.77233,0.000278312,0.000278312,0.000278312
1066,9298.58,0.39482,0.20857,0.79173,0.99925,1,0.995,0.98494,0.2426,0.14099,0.77251,0.000278021,0.000278021,0.000278021
1067,9306.21,0.35696,0.19641,0.78464,0.99905,0.99987,0.995,0.98534,0.24226,0.14184,0.77247,0.00027773,0.00027773,0.00027773
1068,9312.57,0.38837,0.21256,0.78489,0.99907,0.99978,0.995,0.9858,0.24116,0.14252,0.77225,0.000277439,0.000277439,0.000277439
1069,9321.59,0.36406,0.20095,0.79597,0.99896,0.99972,0.995,0.9857,0.24158,0.14326,0.77221,0.000277148,0.000277148,0.000277148
1070,9332.03,0.35757,0.18997,0.79358,0.99899,0.9997,0.995,0.98618,0.23908,0.14298,0.77191,0.000276857,0.000276857,0.000276857
1071,9339.96,0.35328,0.19519,0.79629,0.99902,0.99975,0.995,0.98589,0.23878,0.14251,0.77195,0.000276566,0.000276566,0.000276566
1072,9350.11,0.35355,0.19605,0.79193,0.99899,0.9997,0.995,0.98687,0.23732,0.14214,0.77177,0.000276275,0.000276275,0.000276275
1073,9359.68,0.40176,0.24936,0.81931,0.999,0.99967,0.995,0.98629,0.23607,0.14181,0.77153,0.000275984,0.000275984,0.000275984
1074,9367.09,0.38252,0.21038,0.78774,0.99897,0.99969,0.995,0.98575,0.23757,0.14194,0.77138,0.000275693,0.000275693,0.000275693
1075,9375.41,0.38821,0.20958,0.79192,0.99884,0.99975,0.995,0.9852,0.24239,0.14249,0.77168,0.000275402,0.000275402,0.000275402
1076,9383.88,0.40252,0.21202,0.79397,0.9987,0.99976,0.995,0.98457,0.24507,0.14381,0.77207,0.000275111,0.000275111,0.000275111
1077,9392.68,0.38319,0.20282,0.78536,0.9987,0.99989,0.995,0.98397,0.24859,0.14518,0.77257,0.000274819,0.000274819,0.000274819
1078,9399.67,0.39094,0.22484,0.79439,0.99878,0.99997,0.995,0.98388,0.2499,0.14536,0.77286,0.000274528,0.000274528,0.000274528
1079,9407.49,0.364,0.20093,0.75128,0.99892,0.99981,0.995,0.98405,0.24898,0.14581,0.77282,0.000274237,0.000274237,0.000274237
1080,9414.34,0.37902,0.20524,0.78925,0.99891,0.9998,0.995,0.98314,0.25081,0.14637,0.773,0.000273946,0.000273946,0.000273946
1081,9424.8,0.36247,0.19541,0.78748,0.99899,0.99991,0.995,0.98408,0.24946,0.14526,0.77295,0.000273655,0.000273655,0.000273655
1082,9432.38,0.38435,0.20993,0.78702,0.99901,0.99993,0.995,0.98527,0.24586,0.14432,0.77258,0.000273364,0.000273364,0.000273364
1083,9440.84,0.37046,0.20464,0.7894,0.999,1,0.995,0.98559,0.24468,0.14359,0.77225,0.000273073,0.000273073,0.000273073
1084,9449.27,0.37888,0.20043,0.79006,0.99886,1,0.995,0.98517,0.24643,0.1435,0.77227,0.000272782,0.000272782,0.000272782
1085,9460.07,0.35875,0.1967,0.78629,0.99885,1,0.995,0.98503,0.24522,0.14349,0.77212,0.000272491,0.000272491,0.000272491
1086,9469.38,0.40036,0.20989,0.7911,0.99878,1,0.995,0.98501,0.24538,0.14383,0.77232,0.0002722,0.0002722,0.0002722
1087,9477.9,0.37173,0.19782,0.79411,0.99872,1,0.995,0.98634,0.24105,0.14227,0.77209,0.000271909,0.000271909,0.000271909
1088,9487.88,0.33604,0.18509,0.75265,0.99877,1,0.995,0.98582,0.24053,0.14219,0.77217,0.000271618,0.000271618,0.000271618
1089,9496.38,0.37952,0.20459,0.79429,0.99885,1,0.995,0.98565,0.24175,0.14166,0.77223,0.000271327,0.000271327,0.000271327
1090,9504.04,0.38701,0.19841,0.79301,0.99888,1,0.995,0.9858,0.24044,0.14049,0.77216,0.000271036,0.000271036,0.000271036
1091,9514.81,0.34854,0.19078,0.78898,0.99895,1,0.995,0.98608,0.23573,0.13959,0.77185,0.000270745,0.000270745,0.000270745
1092,9525.22,0.34071,0.18799,0.79303,0.99892,1,0.995,0.9856,0.2365,0.14035,0.77197,0.000270454,0.000270454,0.000270454
1093,9533.62,0.33534,0.18692,0.78847,0.99887,1,0.995,0.98572,0.23849,0.14051,0.7723,0.000270162,0.000270162,0.000270162
1094,9541.64,0.34501,0.19387,0.78964,0.99884,1,0.995,0.98519,0.23808,0.14053,0.77214,0.000269871,0.000269871,0.000269871
1095,9549.27,0.36079,0.19729,0.7862,0.99878,1,0.995,0.98512,0.2404,0.14088,0.77222,0.00026958,0.00026958,0.00026958
1096,9557.81,0.35663,0.18891,0.79359,0.99876,1,0.995,0.98519,0.23932,0.13988,0.77202,0.000269289,0.000269289,0.000269289
1097,9566.58,0.37525,0.20378,0.79499,0.99883,1,0.995,0.9859,0.2398,0.14058,0.77214,0.000268998,0.000268998,0.000268998
1098,9574.92,0.35214,0.19012,0.78696,0.99886,1,0.995,0.98506,0.24237,0.14201,0.77219,0.000268707,0.000268707,0.000268707
1099,9585.19,0.34714,0.1869,0.79298,0.99886,1,0.995,0.98468,0.24162,0.14216,0.77208,0.000268416,0.000268416,0.000268416
1100,9593.06,0.40175,0.21156,0.78965,0.99889,1,0.995,0.98388,0.23879,0.14126,0.77163,0.000268125,0.000268125,0.000268125
1101,9600.97,0.3745,0.20466,0.77937,0.9989,1,0.995,0.98357,0.23964,0.1412,0.7717,0.000267834,0.000267834,0.000267834
1102,9610.19,0.36587,0.19499,0.7875,0.99883,1,0.995,0.98436,0.2384,0.14117,0.77167,0.000267543,0.000267543,0.000267543
1103,9619.23,0.33733,0.18529,0.79112,0.99882,1,0.995,0.98529,0.23677,0.14042,0.77165,0.000267252,0.000267252,0.000267252
1104,9627.99,0.35841,0.19523,0.787,0.99881,1,0.995,0.98458,0.2396,0.14105,0.77193,0.000266961,0.000266961,0.000266961
1105,9637.18,0.34606,0.18561,0.79494,0.99886,1,0.995,0.98459,0.24003,0.14037,0.77217,0.00026667,0.00026667,0.00026667
1106,9645.29,0.38013,0.20138,0.79882,0.99883,1,0.995,0.9859,0.23914,0.14044,0.77217,0.000266379,0.000266379,0.000266379
1107,9654.21,0.3533,0.19203,0.79619,0.99885,1,0.995,0.98628,0.24011,0.14157,0.77249,0.000266088,0.000266088,0.000266088
1108,9663.14,0.35533,0.19361,0.78818,0.99888,1,0.995,0.985,0.24112,0.14221,0.77248,0.000265797,0.000265797,0.000265797
1109,9672.78,0.34917,0.18889,0.79601,0.99868,1,0.995,0.98511,0.24253,0.14306,0.77247,0.000265506,0.000265506,0.000265506
1110,9681.33,0.36559,0.20022,0.78873,0.99868,1,0.995,0.98542,0.2421,0.14324,0.77236,0.000265214,0.000265214,0.000265214
1111,9690.5,0.34456,0.19025,0.78711,0.99871,1,0.995,0.98546,0.24016,0.14195,0.77222,0.000264923,0.000264923,0.000264923
1112,9698.46,0.34735,0.19052,0.74387,0.99878,1,0.995,0.98509,0.23877,0.14137,0.77206,0.000264632,0.000264632,0.000264632
1113,9707.11,0.3325,0.18733,0.79502,0.99881,1,0.995,0.9849,0.23887,0.14118,0.77192,0.000264341,0.000264341,0.000264341
1114,9715.36,0.34359,0.18868,0.78772,0.99883,1,0.995,0.98568,0.2383,0.14049,0.77195,0.00026405,0.00026405,0.00026405
1115,9722.9,0.36383,0.20063,0.78767,0.99877,1,0.995,0.98673,0.2363,0.13967,0.77182,0.000263759,0.000263759,0.000263759
1116,9731.66,0.38998,0.21074,0.78717,0.99871,0.99999,0.995,0.98645,0.23673,0.13928,0.77186,0.000263468,0.000263468,0.000263468
1117,9740.99,0.34369,0.22258,0.79505,0.99876,1,0.995,0.98639,0.23861,0.14069,0.77214,0.000263177,0.000263177,0.000263177
1118,9749.43,0.35837,0.19741,0.78787,0.99869,1,0.995,0.98598,0.23815,0.14062,0.77201,0.000262886,0.000262886,0.000262886
1119,9757.04,0.34865,0.19098,0.78687,0.99872,1,0.995,0.98646,0.23612,0.13956,0.77184,0.000262595,0.000262595,0.000262595
1120,9764.96,0.38962,0.20863,0.78816,0.99868,1,0.995,0.98617,0.23511,0.13937,0.77194,0.000262304,0.000262304,0.000262304
1121,9773.13,0.34139,0.18907,0.79137,0.9988,1,0.995,0.98655,0.23529,0.13966,0.7722,0.000262013,0.000262013,0.000262013
1122,9781.72,0.33792,0.18988,0.78046,0.99867,1,0.995,0.9873,0.2356,0.1396,0.77216,0.000261722,0.000261722,0.000261722
1123,9789.21,0.37413,0.20064,0.7933,0.99876,1,0.995,0.98718,0.23644,0.13909,0.77217,0.000261431,0.000261431,0.000261431
1124,9800.74,0.32609,0.18012,0.79047,0.99868,1,0.995,0.98661,0.23682,0.13945,0.7722,0.00026114,0.00026114,0.00026114
1125,9810.09,0.37897,0.19951,0.80642,0.99873,1,0.995,0.98797,0.23624,0.13981,0.77209,0.000260849,0.000260849,0.000260849
1126,9820.55,0.35557,0.19304,0.78558,0.99868,1,0.995,0.98789,0.23673,0.13889,0.77215,0.000260557,0.000260557,0.000260557
1127,9828.86,0.3726,0.20013,0.78702,0.99875,1,0.995,0.98787,0.23576,0.13866,0.77194,0.000260266,0.000260266,0.000260266
1128,9837.22,0.37676,0.20335,0.79082,0.9988,1,0.995,0.9875,0.23513,0.13868,0.7717,0.000259975,0.000259975,0.000259975
1129,9845.48,0.35179,0.19548,0.78421,0.99874,1,0.995,0.98745,0.23455,0.13829,0.77143,0.000259684,0.000259684,0.000259684
1130,9852.42,0.36596,0.20371,0.78883,0.99871,1,0.995,0.98693,0.23359,0.13872,0.77127,0.000259393,0.000259393,0.000259393
1131,9862.36,0.32246,0.17802,0.75145,0.99871,1,0.995,0.98684,0.23188,0.13744,0.77106,0.000259102,0.000259102,0.000259102
1132,9870.79,0.3494,0.19295,0.79479,0.99893,1,0.995,0.9868,0.23229,0.13695,0.77093,0.000258811,0.000258811,0.000258811
1133,9880.84,0.37728,0.20194,0.78679,0.99873,1,0.995,0.98722,0.23379,0.13732,0.77125,0.00025852,0.00025852,0.00025852
1134,9888.8,0.35885,0.19519,0.7921,0.9987,1,0.995,0.98723,0.2339,0.13788,0.77149,0.000258229,0.000258229,0.000258229
1135,9896.45,0.34351,0.18921,0.78626,0.99871,1,0.995,0.98744,0.23332,0.13714,0.77135,0.000257938,0.000257938,0.000257938
1136,9905.79,0.34863,0.19064,0.79917,0.99868,1,0.995,0.98717,0.23339,0.13625,0.77137,0.000257647,0.000257647,0.000257647
1137,9915.13,0.34366,0.19007,0.78737,0.99861,1,0.995,0.98712,0.23501,0.13717,0.7716,0.000257356,0.000257356,0.000257356
1138,9923.93,0.35669,0.19613,0.79615,0.99859,1,0.995,0.98693,0.23593,0.13781,0.77173,0.000257065,0.000257065,0.000257065
1139,9933.99,0.33929,0.18669,0.79422,0.99862,1,0.995,0.98675,0.23469,0.13852,0.77157,0.000256774,0.000256774,0.000256774
1140,9942.23,0.36805,0.19989,0.78705,0.99857,1,0.995,0.98647,0.23432,0.13849,0.77165,0.000256483,0.000256483,0.000256483
1141,9951.03,0.35161,0.20053,0.79055,0.99852,1,0.995,0.98702,0.23497,0.13963,0.77157,0.000256192,0.000256192,0.000256192
1142,9960.86,0.35744,0.19617,0.7931,0.99846,1,0.995,0.98729,0.23423,0.13911,0.77133,0.000255901,0.000255901,0.000255901
1143,9970.68,0.34059,0.18948,0.79339,0.99842,1,0.995,0.98754,0.2336,0.13905,0.77124,0.000255609,0.000255609,0.000255609
1144,9979.14,0.33409,0.18789,0.78747,0.99848,1,0.995,0.9876,0.23188,0.13908,0.77112,0.000255318,0.000255318,0.000255318
1145,9988.06,0.34968,0.20289,0.79907,0.99847,1,0.995,0.98744,0.23267,0.13951,0.77133,0.000255027,0.000255027,0.000255027
1146,9995.89,0.37795,0.19943,0.79145,0.99851,1,0.995,0.98705,0.23321,0.13826,0.77158,0.000254736,0.000254736,0.000254736
1147,10002.6,0.36147,0.20034,0.79137,0.99858,1,0.995,0.98696,0.23217,0.13896,0.77146,0.000254445,0.000254445,0.000254445
1148,10012.1,0.34204,0.18786,0.78495,0.99864,1,0.995,0.9872,0.23269,0.13946,0.77147,0.000254154,0.000254154,0.000254154
1149,10020.2,0.3663,0.19816,0.80475,0.9988,1,0.995,0.98768,0.23261,0.13901,0.77149,0.000253863,0.000253863,0.000253863
1150,10029.3,0.36509,0.19744,0.79111,0.99878,1,0.995,0.98764,0.23247,0.13853,0.77144,0.000253572,0.000253572,0.000253572
1151,10037.6,0.34496,0.18811,0.78927,0.99879,1,0.995,0.98759,0.23263,0.13894,0.77136,0.000253281,0.000253281,0.000253281
1152,10044.6,0.36258,0.19693,0.78699,0.99881,1,0.995,0.9878,0.23244,0.14005,0.77137,0.00025299,0.00025299,0.00025299
1153,10055.2,0.35753,0.19481,0.79356,0.99883,1,0.995,0.98779,0.23204,0.13941,0.77146,0.000252699,0.000252699,0.000252699
1154,10064.8,0.33187,0.18636,0.78267,0.99908,1,0.995,0.98713,0.23438,0.1394,0.77175,0.000252408,0.000252408,0.000252408
1155,10074.2,0.36096,0.1957,0.78717,0.99894,1,0.995,0.98688,0.23538,0.14015,0.7718,0.000252117,0.000252117,0.000252117
1156,10083.4,0.36009,0.2187,0.79699,0.99889,1,0.995,0.98698,0.23573,0.13978,0.77184,0.000251826,0.000251826,0.000251826
1157,10091.8,0.35104,0.19247,0.7867,0.99884,1,0.995,0.98788,0.2356,0.13967,0.77174,0.000251535,0.000251535,0.000251535
1158,10099.6,0.36726,0.19875,0.78785,0.99896,1,0.995,0.98725,0.23353,0.13879,0.77156,0.000251244,0.000251244,0.000251244
1159,10107.2,0.36576,0.19817,0.78828,0.99889,1,0.995,0.98667,0.23408,0.13917,0.77179,0.000250953,0.000250953,0.000250953
1160,10116,0.35075,0.19078,0.78538,0.99889,1,0.995,0.98632,0.23506,0.14015,0.77189,0.000250661,0.000250661,0.000250661
1161,10124.7,0.36457,0.19682,0.7921,0.99879,1,0.995,0.98764,0.23437,0.14036,0.77186,0.00025037,0.00025037,0.00025037
1162,10133.2,0.36347,0.19552,0.7866,0.9988,1,0.995,0.98722,0.23481,0.14054,0.7721,0.000250079,0.000250079,0.000250079
1163,10143.5,0.33896,0.19271,0.78788,0.99891,1,0.995,0.98753,0.23517,0.14035,0.77212,0.000249788,0.000249788,0.000249788
1164,10152.5,0.31879,0.17974,0.7524,0.99881,1,0.995,0.98689,0.23435,0.14008,0.772,0.000249497,0.000249497,0.000249497
1165,10159.5,0.37743,0.20062,0.79951,0.99901,1,0.995,0.98768,0.2313,0.13931,0.77184,0.000249206,0.000249206,0.000249206
1166,10169.5,0.34488,0.19119,0.79009,0.99901,1,0.995,0.98833,0.22999,0.139,0.77173,0.000248915,0.000248915,0.000248915
1167,10180.4,0.3381,0.19687,0.78125,0.99904,1,0.995,0.98789,0.22947,0.13871,0.77169,0.000248624,0.000248624,0.000248624
1168,10188.8,0.33883,0.19175,0.79228,0.99891,1,0.995,0.98749,0.22891,0.13833,0.77159,0.000248333,0.000248333,0.000248333
1169,10197.2,0.36714,0.19582,0.78982,0.99897,1,0.995,0.9881,0.22825,0.13839,0.77142,0.000248042,0.000248042,0.000248042
1170,10206.5,0.39266,0.21012,0.79168,0.99916,1,0.995,0.98844,0.23264,0.13923,0.77164,0.000247751,0.000247751,0.000247751
1171,10215.4,0.3573,0.2061,0.79505,0.99915,1,0.995,0.98826,0.2322,0.13989,0.77165,0.00024746,0.00024746,0.00024746
1172,10224.5,0.35704,0.19278,0.78207,0.99898,1,0.995,0.98829,0.23218,0.14023,0.77173,0.000247169,0.000247169,0.000247169
1173,10233.1,0.36718,0.20225,0.79326,0.99891,1,0.995,0.98817,0.23274,0.14003,0.77175,0.000246878,0.000246878,0.000246878
1174,10241.9,0.34731,0.18699,0.78834,0.99866,1,0.995,0.98768,0.23095,0.13861,0.77165,0.000246587,0.000246587,0.000246587
1175,10250.7,0.36594,0.19843,0.78826,0.99869,1,0.995,0.98887,0.22921,0.13839,0.77155,0.000246296,0.000246296,0.000246296
1176,10260.6,0.321,0.49372,0.74833,0.99874,1,0.995,0.98865,0.22895,0.13811,0.77144,0.000246004,0.000246004,0.000246004
1177,10269.4,0.33402,0.19119,0.79276,0.99876,1,0.995,0.98831,0.22971,0.13808,0.7714,0.000245713,0.000245713,0.000245713
1178,10279.4,0.31587,0.17826,0.78602,0.99876,1,0.995,0.98822,0.22843,0.13678,0.77119,0.000245422,0.000245422,0.000245422
1179,10288.4,0.33373,0.18403,0.78534,0.99872,1,0.995,0.98867,0.22815,0.13601,0.77118,0.000245131,0.000245131,0.000245131
1180,10296.4,0.34075,0.19014,0.78333,0.9989,1,0.995,0.98799,0.22826,0.13576,0.77119,0.00024484,0.00024484,0.00024484
1181,10303.8,0.35177,0.19939,0.78746,0.99889,1,0.995,0.98846,0.2293,0.13581,0.77142,0.000244549,0.000244549,0.000244549
1182,10314.4,0.33704,0.1874,0.79336,0.99866,1,0.995,0.98837,0.22976,0.13588,0.77153,0.000244258,0.000244258,0.000244258
1183,10321.2,0.35598,0.19595,0.78724,0.99862,1,0.995,0.98808,0.23101,0.13653,0.77153,0.000243967,0.000243967,0.000243967
1184,10331,0.34654,0.19236,0.7871,0.9986,1,0.995,0.98793,0.23031,0.13677,0.77137,0.000243676,0.000243676,0.000243676
1185,10339.1,0.35778,0.196,0.79249,0.99854,1,0.995,0.98798,0.22922,0.13607,0.77118,0.000243385,0.000243385,0.000243385
1186,10348.9,0.32804,0.18938,0.79164,0.99859,1,0.995,0.98814,0.22854,0.13608,0.77109,0.000243094,0.000243094,0.000243094
1187,10357.1,0.33655,0.1904,0.78884,0.99877,1,0.995,0.98823,0.22981,0.13612,0.77129,0.000242803,0.000242803,0.000242803
1188,10366.3,0.32743,0.18128,0.75159,0.99875,1,0.995,0.98799,0.23069,0.13592,0.7713,0.000242512,0.000242512,0.000242512
1189,10376.1,0.33513,0.18468,0.78777,0.99882,1,0.995,0.98866,0.22964,0.13546,0.77121,0.000242221,0.000242221,0.000242221
1190,10384.6,0.37082,0.19956,0.78624,0.99879,1,0.995,0.98887,0.22778,0.13555,0.77125,0.00024193,0.00024193,0.00024193
1191,10393.6,0.34902,0.19007,0.78197,0.99874,1,0.995,0.98847,0.22782,0.13561,0.77119,0.000241639,0.000241639,0.000241639
1192,10402,0.3685,0.19481,0.80158,0.99881,1,0.995,0.98803,0.22689,0.13611,0.77117,0.000241348,0.000241348,0.000241348
1193,10409.4,0.36044,0.19543,0.78793,0.99866,1,0.995,0.98875,0.22589,0.13644,0.7709,0.000241056,0.000241056,0.000241056
1194,10417.9,0.38419,0.20569,0.79159,0.99862,1,0.995,0.98942,0.22651,0.1363,0.77096,0.000240765,0.000240765,0.000240765
1195,10427.6,0.33769,0.19123,0.78341,0.99862,1,0.995,0.98917,0.22634,0.13657,0.7709,0.000240474,0.000240474,0.000240474
1196,10436,0.36043,0.19697,0.78596,0.99862,1,0.995,0.9888,0.22641,0.13642,0.771,0.000240183,0.000240183,0.000240183
1197,10445,0.34644,0.1903,0.79031,0.99865,1,0.995,0.98847,0.22721,0.1363,0.77117,0.000239892,0.000239892,0.000239892
1198,10453.5,0.35105,0.20619,0.79712,0.99869,1,0.995,0.98837,0.22858,0.13671,0.77127,0.000239601,0.000239601,0.000239601
1199,10462.6,0.33614,0.18673,0.79241,0.99867,1,0.995,0.98842,0.22834,0.13685,0.77139,0.00023931,0.00023931,0.00023931
1200,10470.9,0.34624,0.19056,0.78569,0.99859,1,0.995,0.98863,0.22747,0.13669,0.77146,0.000239019,0.000239019,0.000239019
1201,10480.1,0.32753,0.18527,0.77925,0.99863,1,0.995,0.98826,0.22693,0.13617,0.77134,0.000238728,0.000238728,0.000238728
1202,10488.1,0.34427,0.18931,0.78219,0.99863,0.99993,0.995,0.98885,0.22805,0.13595,0.77134,0.000238437,0.000238437,0.000238437
1203,10496.1,0.34891,0.18861,0.77853,0.99858,0.99977,0.995,0.98928,0.22754,0.13635,0.77118,0.000238146,0.000238146,0.000238146
1204,10505.6,0.34841,0.18925,0.78588,0.99853,0.99965,0.995,0.98897,0.22768,0.13562,0.77119,0.000237855,0.000237855,0.000237855
1205,10515.1,0.34104,0.19067,0.78189,0.99855,0.99964,0.995,0.98859,0.22731,0.13516,0.77112,0.000237564,0.000237564,0.000237564
1206,10523.4,0.32579,0.18209,0.75042,0.99868,0.99963,0.995,0.98881,0.22604,0.13481,0.77094,0.000237273,0.000237273,0.000237273
1207,10531.2,0.35334,0.18998,0.79005,0.99875,0.99965,0.995,0.989,0.2259,0.13528,0.77091,0.000236982,0.000236982,0.000236982
1208,10539.7,0.33753,0.18776,0.77631,0.99873,0.99969,0.995,0.98818,0.22507,0.13526,0.77082,0.000236691,0.000236691,0.000236691
1209,10550.8,0.32422,0.18162,0.78677,0.99885,0.99997,0.995,0.98796,0.22589,0.13516,0.77092,0.0002364,0.0002364,0.0002364
1210,10559.4,0.33406,0.18509,0.79316,0.99877,0.99989,0.995,0.98809,0.22618,0.1343,0.77085,0.000236108,0.000236108,0.000236108
1211,10571.3,0.32961,0.18575,0.78557,0.9988,0.99984,0.995,0.98905,0.2244,0.13376,0.7707,0.000235817,0.000235817,0.000235817
1212,10579.8,0.34052,0.18788,0.78788,0.99884,0.99983,0.995,0.98853,0.2244,0.13404,0.77072,0.000235526,0.000235526,0.000235526
1213,10587.8,0.35757,0.19393,0.78824,0.9988,0.99982,0.995,0.98849,0.22445,0.13377,0.77051,0.000235235,0.000235235,0.000235235
1214,10596.8,0.33643,0.18885,0.7885,0.99876,0.9999,0.995,0.98831,0.22305,0.13359,0.77037,0.000234944,0.000234944,0.000234944
1215,10605.9,0.30728,0.17657,0.7397,0.99873,0.99994,0.995,0.9884,0.22252,0.13312,0.77027,0.000234653,0.000234653,0.000234653
1216,10614.3,0.36059,0.19728,0.79086,0.9988,1,0.995,0.98834,0.22288,0.13353,0.77019,0.000234362,0.000234362,0.000234362
1217,10621.9,0.41339,0.2123,0.79727,0.99875,0.99988,0.995,0.989,0.2212,0.13408,0.76999,0.000234071,0.000234071,0.000234071
1218,10632.8,0.33491,0.18739,0.7943,0.99883,1,0.995,0.9894,0.22088,0.13423,0.77002,0.00023378,0.00023378,0.00023378
1219,10642.9,0.31975,0.18229,0.78332,0.99885,0.99995,0.995,0.98904,0.22266,0.13508,0.77005,0.000233489,0.000233489,0.000233489
1220,10653.3,0.31349,0.17785,0.78637,0.99866,0.99994,0.995,0.98866,0.22384,0.13563,0.77016,0.000233198,0.000233198,0.000233198
1221,10661.2,0.33591,0.19133,0.78416,0.99873,1,0.995,0.98907,0.22244,0.13535,0.76993,0.000232907,0.000232907,0.000232907
1222,10669.6,0.33396,0.18767,0.7505,0.99874,1,0.995,0.9891,0.22149,0.13471,0.76982,0.000232616,0.000232616,0.000232616
1223,10678.4,0.33567,0.18827,0.78828,0.99871,1,0.995,0.98887,0.22266,0.13471,0.76992,0.000232325,0.000232325,0.000232325
1224,10687.9,0.31593,0.17894,0.79197,0.99867,1,0.995,0.98956,0.22272,0.13435,0.76996,0.000232034,0.000232034,0.000232034
1225,10697.7,0.33636,0.18244,0.78441,0.99873,1,0.995,0.98957,0.22076,0.13383,0.76984,0.000231743,0.000231743,0.000231743
1226,10707.2,0.35548,0.19435,0.81613,0.99856,1,0.995,0.98931,0.21902,0.13346,0.76966,0.000231451,0.000231451,0.000231451
1227,10716.8,0.34607,0.18701,0.7935,0.9986,1,0.995,0.98911,0.22075,0.13378,0.76987,0.00023116,0.00023116,0.00023116
1228,10725.6,0.34262,0.19065,0.78062,0.99864,1,0.995,0.9885,0.2224,0.13472,0.77016,0.000230869,0.000230869,0.000230869
1229,10735.4,0.3224,0.17898,0.79793,0.99851,1,0.995,0.98807,0.22192,0.13391,0.77008,0.000230578,0.000230578,0.000230578
1230,10742.5,0.36465,0.19995,0.78042,0.99849,1,0.995,0.98857,0.2222,0.13357,0.77008,0.000230287,0.000230287,0.000230287
1231,10752,0.36479,0.19184,0.80325,0.99845,1,0.995,0.9886,0.22119,0.13265,0.77011,0.000229996,0.000229996,0.000229996
1232,10761.1,0.33836,0.18717,0.78432,0.99859,1,0.995,0.98906,0.2207,0.13305,0.77018,0.000229705,0.000229705,0.000229705
1233,10770.1,0.32382,0.18024,0.75088,0.99858,1,0.995,0.98982,0.22012,0.13296,0.77008,0.000229414,0.000229414,0.000229414
1234,10779.8,0.33326,0.18504,0.78779,0.9986,1,0.995,0.9896,0.21993,0.13278,0.77011,0.000229123,0.000229123,0.000229123
1235,10788.4,0.33914,0.18881,0.78166,0.99864,1,0.995,0.99006,0.21926,0.13337,0.76996,0.000228832,0.000228832,0.000228832
1236,10799.1,0.32917,0.18416,0.78656,0.9987,1,0.995,0.98995,0.21799,0.13318,0.76981,0.000228541,0.000228541,0.000228541
1237,10807.3,0.32508,0.18036,0.79256,0.99872,1,0.995,0.98971,0.21841,0.13285,0.76996,0.00022825,0.00022825,0.00022825
1238,10815.6,0.33577,0.18255,0.78597,0.99867,1,0.995,0.98981,0.21917,0.13286,0.77005,0.000227959,0.000227959,0.000227959
1239,10825,0.31284,0.17581,0.79186,0.99862,1,0.995,0.98977,0.21851,0.13233,0.76995,0.000227668,0.000227668,0.000227668
1240,10835,0.33051,0.18185,0.79192,0.99863,1,0.995,0.98969,0.21901,0.13257,0.76997,0.000227377,0.000227377,0.000227377
1241,10843.1,0.36399,0.19485,0.79064,0.99864,1,0.995,0.98974,0.21781,0.1318,0.76989,0.000227086,0.000227086,0.000227086
1242,10851.2,0.35372,0.19624,0.78673,0.99862,1,0.995,0.98962,0.21841,0.13211,0.76986,0.000226795,0.000226795,0.000226795
1243,10859.8,0.36449,0.19563,0.79087,0.99877,1,0.995,0.98879,0.21868,0.13254,0.76995,0.000226503,0.000226503,0.000226503
1244,10868.8,0.31208,0.17411,0.78103,0.99873,1,0.995,0.9886,0.219,0.1328,0.77003,0.000226212,0.000226212,0.000226212
1245,10878,0.3229,0.1831,0.78759,0.99871,1,0.995,0.989,0.21785,0.13267,0.76992,0.000225921,0.000225921,0.000225921
1246,10886.4,0.39087,0.20596,0.7832,0.99876,1,0.995,0.98912,0.21756,0.13239,0.76996,0.00022563,0.00022563,0.00022563
1247,10894.7,0.35499,0.19174,0.78651,0.99881,1,0.995,0.98895,0.219,0.13157,0.77006,0.000225339,0.000225339,0.000225339
1248,10905.4,0.33045,0.1839,0.79153,0.99887,1,0.995,0.9892,0.21944,0.13136,0.7701,0.000225048,0.000225048,0.000225048
1249,10915.2,0.36905,0.19083,0.80752,0.99889,1,0.995,0.98816,0.21994,0.13163,0.77022,0.000224757,0.000224757,0.000224757
1250,10924.3,0.3357,0.18367,0.78264,0.99891,1,0.995,0.98885,0.21711,0.1312,0.77009,0.000224466,0.000224466,0.000224466
1251,10931.6,0.33952,0.18674,0.78411,0.9989,1,0.995,0.98922,0.21551,0.13009,0.77,0.000224175,0.000224175,0.000224175
1252,10941.2,0.3446,0.18313,0.78785,0.99878,1,0.995,0.9891,0.21486,0.12984,0.76995,0.000223884,0.000223884,0.000223884
1253,10950.5,0.34126,0.18783,0.78355,0.99885,1,0.995,0.98955,0.21479,0.1297,0.76998,0.000223593,0.000223593,0.000223593
1254,10958.4,0.32515,0.18002,0.78708,0.99886,1,0.995,0.98933,0.21521,0.13,0.76986,0.000223302,0.000223302,0.000223302
1255,10967.6,0.32648,0.17671,0.75187,0.99889,1,0.995,0.98889,0.2166,0.13051,0.76997,0.000223011,0.000223011,0.000223011
1256,10978.4,0.31724,0.17648,0.7905,0.99893,1,0.995,0.98928,0.21806,0.13098,0.77019,0.00022272,0.00022272,0.00022272
1257,10987.7,0.3629,0.1938,0.79361,0.99902,1,0.995,0.9896,0.2193,0.13157,0.77029,0.000222429,0.000222429,0.000222429
1258,10998,0.33614,0.18296,0.79397,0.999,1,0.995,0.98998,0.21866,0.13137,0.77039,0.000222138,0.000222138,0.000222138
1259,11006.7,0.32506,0.18145,0.79014,0.99893,1,0.995,0.98962,0.21829,0.13113,0.77043,0.000221847,0.000221847,0.000221847
1260,11014.8,0.35534,0.18985,0.78143,0.99881,1,0.995,0.98957,0.21668,0.13052,0.77021,0.000221555,0.000221555,0.000221555
1261,11023.1,0.33643,0.1819,0.78965,0.99874,1,0.995,0.99046,0.21443,0.13033,0.76992,0.000221264,0.000221264,0.000221264
1262,11032.3,0.33731,0.1871,0.79062,0.99874,1,0.995,0.99068,0.21373,0.1307,0.76981,0.000220973,0.000220973,0.000220973
1263,11040.1,0.36373,0.19822,0.78656,0.99873,1,0.995,0.99069,0.21379,0.13064,0.7698,0.000220682,0.000220682,0.000220682
1264,11048.2,0.36535,0.19749,0.79995,0.99878,1,0.995,0.99025,0.2136,0.13003,0.76976,0.000220391,0.000220391,0.000220391
1265,11056.5,0.33916,0.18864,0.79145,0.99885,1,0.995,0.99049,0.21413,0.13005,0.76992,0.0002201,0.0002201,0.0002201
1266,11065.4,0.32678,0.17999,0.79154,0.9989,1,0.995,0.99025,0.21543,0.1303,0.77001,0.000219809,0.000219809,0.000219809
1267,11075,0.32968,0.18146,0.78467,0.99892,1,0.995,0.99026,0.21641,0.13003,0.76997,0.000219518,0.000219518,0.000219518
1268,11083.7,0.32245,0.17884,0.79675,0.99884,1,0.995,0.98989,0.21854,0.13085,0.77015,0.000219227,0.000219227,0.000219227
1269,11092.5,0.34582,0.19727,0.79289,0.9988,1,0.995,0.98972,0.21968,0.13147,0.77026,0.000218936,0.000218936,0.000218936
1270,11100.7,0.3537,0.20061,0.79573,0.99881,1,0.995,0.98962,0.22047,0.13197,0.77037,0.000218645,0.000218645,0.000218645
1271,11111.9,0.32367,0.18085,0.78654,0.99892,1,0.995,0.98929,0.22135,0.1319,0.77041,0.000218354,0.000218354,0.000218354
1272,11122,0.32296,0.17712,0.78878,0.99893,1,0.995,0.98941,0.22097,0.13206,0.77034,0.000218063,0.000218063,0.000218063
1273,11130.8,0.32364,0.17914,0.78019,0.99884,1,0.995,0.98939,0.22096,0.13143,0.77029,0.000217772,0.000217772,0.000217772
1274,11139,0.34827,0.19192,0.78545,0.99881,1,0.995,0.98954,0.21861,0.13078,0.77007,0.000217481,0.000217481,0.000217481
1275,11148,0.35222,0.19064,0.79012,0.99886,1,0.995,0.98923,0.21911,0.13096,0.77012,0.00021719,0.00021719,0.00021719
1276,11157.3,0.3522,0.18556,0.79469,0.99887,1,0.995,0.98967,0.21866,0.13081,0.77011,0.000216899,0.000216899,0.000216899
1277,11166.2,0.32489,0.18121,0.78909,0.99887,1,0.995,0.9903,0.2177,0.13024,0.77008,0.000216607,0.000216607,0.000216607
1278,11175.7,0.32499,0.17771,0.78711,0.99884,1,0.995,0.9899,0.2183,0.13063,0.77032,0.000216316,0.000216316,0.000216316
1279,11184.5,0.31827,0.1757,0.78435,0.99879,1,0.995,0.98978,0.21818,0.13095,0.77041,0.000216025,0.000216025,0.000216025
1280,11194.7,0.30015,0.16755,0.78342,0.9988,1,0.995,0.98973,0.21765,0.13093,0.77052,0.000215734,0.000215734,0.000215734
1281,11202.1,0.31896,0.17846,0.7881,0.99879,1,0.995,0.9895,0.21699,0.13028,0.77045,0.000215443,0.000215443,0.000215443
1282,11211,0.33558,0.17996,0.79646,0.99872,1,0.995,0.99012,0.21591,0.12998,0.77038,0.000215152,0.000215152,0.000215152
1283,11218.8,0.34672,0.18771,0.78547,0.99862,0.9999,0.995,0.99078,0.21402,0.13019,0.77016,0.000214861,0.000214861,0.000214861
1284,11227,0.34422,0.18988,0.78838,0.9987,1,0.995,0.99127,0.21237,0.13008,0.77008,0.00021457,0.00021457,0.00021457
1285,11238.1,0.31027,0.17405,0.78641,0.99869,1,0.995,0.99087,0.21241,0.13056,0.76998,0.000214279,0.000214279,0.000214279
1286,11246.8,0.32092,0.18213,0.78198,0.99864,1,0.995,0.99066,0.21359,0.13085,0.76997,0.000213988,0.000213988,0.000213988
1287,11257,0.31133,0.1751,0.78727,0.99867,0.99985,0.995,0.99065,0.21298,0.13061,0.76993,0.000213697,0.000213697,0.000213697
1288,11266.5,0.33219,0.18406,0.7832,0.99878,0.99991,0.995,0.99042,0.21328,0.13065,0.76998,0.000213406,0.000213406,0.000213406
1289,11274.7,0.33902,0.18429,0.77805,0.99883,0.99996,0.995,0.99063,0.21377,0.13021,0.76999,0.000213115,0.000213115,0.000213115
1290,11282.6,0.33012,0.18374,0.78501,0.99894,1,0.995,0.99039,0.2137,0.13015,0.76996,0.000212824,0.000212824,0.000212824
1291,11291.6,0.32469,0.17993,0.78055,0.99893,1,0.995,0.98995,0.21501,0.12992,0.76998,0.000212533,0.000212533,0.000212533
1292,11298.9,0.35307,0.19839,0.79148,0.99893,1,0.995,0.99019,0.2166,0.1316,0.77008,0.000212242,0.000212242,0.000212242
1293,11307.8,0.32547,0.18321,0.78407,0.999,1,0.995,0.99052,0.21584,0.13152,0.76989,0.00021195,0.00021195,0.00021195
1294,11314.9,0.3139,0.17842,0.78446,0.9989,1,0.995,0.99075,0.21469,0.13089,0.76975,0.000211659,0.000211659,0.000211659
1295,11325.2,0.31788,0.17778,0.78743,0.99898,1,0.995,0.99036,0.21416,0.13132,0.76976,0.000211368,0.000211368,0.000211368
1296,11334.3,0.32915,0.18687,0.78106,0.99885,1,0.995,0.99021,0.21309,0.13142,0.76957,0.000211077,0.000211077,0.000211077
1297,11341.9,0.35395,0.19374,0.78494,0.9988,1,0.995,0.99025,0.21288,0.13077,0.76959,0.000210786,0.000210786,0.000210786
1298,11349.3,0.3389,0.18908,0.78669,0.99885,1,0.995,0.99026,0.21449,0.13049,0.76982,0.000210495,0.000210495,0.000210495
1299,11358.2,0.34852,0.18767,0.79089,0.99871,1,0.995,0.99014,0.21545,0.1304,0.76991,0.000210204,0.000210204,0.000210204
1300,11366.1,0.30746,0.17571,0.7814,0.99865,1,0.995,0.98999,0.2162,0.13069,0.77005,0.000209913,0.000209913,0.000209913
1301,11374,0.32118,0.17906,0.79127,0.99866,1,0.995,0.9906,0.21497,0.13018,0.76998,0.000209622,0.000209622,0.000209622
1302,11382.6,0.33015,0.18213,0.77965,0.99871,1,0.995,0.99047,0.21483,0.13025,0.76995,0.000209331,0.000209331,0.000209331
1303,11390.1,0.35965,0.19512,0.78262,0.99876,1,0.995,0.99017,0.21599,0.13043,0.77002,0.00020904,0.00020904,0.00020904
1304,11397.5,0.33767,0.1853,0.78579,0.9988,1,0.995,0.98976,0.21658,0.13057,0.77001,0.000208749,0.000208749,0.000208749
1305,11405.8,0.31874,0.17985,0.78453,0.99883,1,0.995,0.99006,0.2162,0.12999,0.76992,0.000208458,0.000208458,0.000208458
1306,11414.8,0.32605,0.18172,0.78532,0.99886,1,0.995,0.99033,0.21565,0.12954,0.76989,0.000208167,0.000208167,0.000208167
1307,11425.2,0.35023,0.20521,0.80025,0.99896,1,0.995,0.99047,0.21304,0.12917,0.7697,0.000207876,0.000207876,0.000207876
1308,11434,0.33233,0.18154,0.78987,0.99894,1,0.995,0.99051,0.21152,0.12873,0.7696,0.000207585,0.000207585,0.000207585
1309,11443.5,0.33298,0.18164,0.7867,0.99894,1,0.995,0.99033,0.21121,0.12834,0.76961,0.000207294,0.000207294,0.000207294
1310,11451.1,0.32692,0.18338,0.78778,0.99897,1,0.995,0.99057,0.21088,0.1279,0.76975,0.000207002,0.000207002,0.000207002
1311,11460.3,0.32322,0.17883,0.78084,0.99915,1,0.995,0.99059,0.20937,0.12754,0.76966,0.000206711,0.000206711,0.000206711
1312,11468.8,0.33341,0.18307,0.78488,0.99908,1,0.995,0.99073,0.20838,0.1267,0.76979,0.00020642,0.00020642,0.00020642
1313,11477.7,0.3393,0.18729,0.78105,0.99902,1,0.995,0.99112,0.208,0.12701,0.76982,0.000206129,0.000206129,0.000206129
1314,11486.5,0.30435,0.17211,0.78218,0.99905,1,0.995,0.9911,0.20852,0.12672,0.76989,0.000205838,0.000205838,0.000205838
1315,11497.3,0.29835,0.16667,0.77941,0.99891,1,0.995,0.99108,0.20813,0.12693,0.76984,0.000205547,0.000205547,0.000205547
1316,11506.9,0.30029,0.16963,0.78481,0.99913,1,0.995,0.99119,0.20757,0.12637,0.76966,0.000205256,0.000205256,0.000205256
1317,11515.4,0.30666,0.17386,0.78024,0.99917,1,0.995,0.9915,0.20769,0.12624,0.76961,0.000204965,0.000204965,0.000204965
1318,11524.9,0.3105,0.17343,0.78299,0.99922,1,0.995,0.99159,0.20692,0.12606,0.76939,0.000204674,0.000204674,0.000204674
1319,11533.5,0.33247,0.18507,0.78452,0.99924,1,0.995,0.99162,0.20659,0.12652,0.76941,0.000204383,0.000204383,0.000204383
1320,11542.4,0.33058,0.18317,0.78091,0.99923,1,0.995,0.99125,0.20794,0.12679,0.7694,0.000204092,0.000204092,0.000204092
1321,11551.3,0.33629,0.1845,0.7846,0.99924,1,0.995,0.99122,0.20803,0.1271,0.76933,0.000203801,0.000203801,0.000203801
1322,11560.3,0.32989,0.18006,0.78122,0.99912,1,0.995,0.9913,0.20729,0.12651,0.76922,0.00020351,0.00020351,0.00020351
1323,11568.8,0.31934,0.17927,0.78365,0.99911,1,0.995,0.99155,0.20693,0.12675,0.76925,0.000203219,0.000203219,0.000203219
1324,11578.5,0.31716,0.17245,0.7892,0.99907,1,0.995,0.99102,0.20685,0.12594,0.76916,0.000202928,0.000202928,0.000202928
1325,11587.8,0.33792,0.18087,0.791,0.9991,1,0.995,0.99091,0.20825,0.12588,0.76917,0.000202637,0.000202637,0.000202637
1326,11595.7,0.33986,0.18369,0.78225,0.9991,1,0.995,0.99101,0.20883,0.12599,0.76916,0.000202345,0.000202345,0.000202345
1327,11604.4,0.34327,0.188,0.78299,0.99919,1,0.995,0.99099,0.20879,0.12621,0.76907,0.000202054,0.000202054,0.000202054
1328,11613.4,0.34653,0.19037,0.78682,0.9992,1,0.995,0.99052,0.20941,0.12626,0.76907,0.000201763,0.000201763,0.000201763
1329,11620.5,0.32551,0.18135,0.79208,0.99921,1,0.995,0.99064,0.21086,0.12686,0.76919,0.000201472,0.000201472,0.000201472
1330,11629,0.32437,0.17801,0.78401,0.99917,1,0.995,0.99075,0.21139,0.1268,0.76916,0.000201181,0.000201181,0.000201181
1331,11637.6,0.32594,0.17988,0.78055,0.99912,1,0.995,0.99104,0.21127,0.12628,0.76911,0.00020089,0.00020089,0.00020089
1332,11646.2,0.29057,0.16562,0.7425,0.99909,1,0.995,0.99129,0.21024,0.12504,0.76911,0.000200599,0.000200599,0.000200599
1333,11655.1,0.32,0.17133,0.78741,0.99895,1,0.995,0.99181,0.20913,0.12467,0.76902,0.000200308,0.000200308,0.000200308
1334,11666.2,0.31291,0.17605,0.78563,0.99892,1,0.995,0.99073,0.20928,0.125,0.76904,0.000200017,0.000200017,0.000200017
1335,11675.3,0.33646,0.19249,0.79067,0.99898,1,0.995,0.99031,0.2103,0.1255,0.76903,0.000199726,0.000199726,0.000199726
1336,11684.1,0.32031,0.17655,0.79005,0.99895,1,0.995,0.99024,0.20964,0.12505,0.76898,0.000199435,0.000199435,0.000199435
1337,11693.6,0.31886,0.17644,0.79416,0.99894,1,0.995,0.99061,0.20841,0.12432,0.76886,0.000199144,0.000199144,0.000199144
1338,11703.4,0.32599,0.17568,0.78255,0.99895,1,0.995,0.99117,0.2075,0.12432,0.76879,0.000198853,0.000198853,0.000198853
1339,11712.2,0.35048,0.18973,0.79202,0.99896,1,0.995,0.99158,0.20607,0.12374,0.76867,0.000198562,0.000198562,0.000198562
1340,11720.7,0.31268,0.17772,0.78067,0.99913,1,0.995,0.99104,0.20595,0.12349,0.76855,0.000198271,0.000198271,0.000198271
1341,11728.9,0.33208,0.18155,0.77771,0.99912,1,0.995,0.99078,0.20668,0.12332,0.76862,0.00019798,0.00019798,0.00019798
1342,11735.6,0.32856,0.18112,0.77882,0.99917,1,0.995,0.99055,0.20743,0.12376,0.76872,0.000197689,0.000197689,0.000197689
1343,11745.1,0.31161,0.17563,0.79423,0.99918,1,0.995,0.99084,0.20771,0.12453,0.76875,0.000197397,0.000197397,0.000197397
1344,11753.6,0.30035,0.1668,0.7823,0.99916,1,0.995,0.991,0.20706,0.12486,0.76872,0.000197106,0.000197106,0.000197106
1345,11761.4,0.29477,0.16671,0.74211,0.99897,1,0.995,0.99114,0.20754,0.12507,0.76876,0.000196815,0.000196815,0.000196815
1346,11770.7,0.31471,0.17103,0.78691,0.9989,1,0.995,0.99109,0.20728,0.12526,0.76884,0.000196524,0.000196524,0.000196524
1347,11780.3,0.31125,0.17215,0.78899,0.99891,1,0.995,0.99153,0.20691,0.12518,0.76875,0.000196233,0.000196233,0.000196233
1348,11789.7,0.35039,0.18451,0.81946,0.99891,1,0.995,0.99169,0.20566,0.12456,0.76882,0.000195942,0.000195942,0.000195942
1349,11798.5,0.33447,0.18081,0.7812,0.99883,1,0.995,0.99165,0.20475,0.12431,0.76878,0.000195651,0.000195651,0.000195651
1350,11806.6,0.32865,0.18003,0.78325,0.99881,1,0.995,0.99143,0.20441,0.12414,0.76879,0.00019536,0.00019536,0.00019536
1351,11815.3,0.31259,0.17306,0.78434,0.99879,1,0.995,0.9916,0.20497,0.12415,0.76888,0.000195069,0.000195069,0.000195069
1352,11823.6,0.30617,0.17169,0.78726,0.99889,1,0.995,0.99158,0.20563,0.12439,0.76887,0.000194778,0.000194778,0.000194778
1353,11832,0.31252,0.17602,0.78349,0.99865,1,0.995,0.99156,0.20597,0.12435,0.76883,0.000194487,0.000194487,0.000194487
1354,11841,0.33765,0.18586,0.79593,0.99861,1,0.995,0.99192,0.20585,0.12424,0.76869,0.000194196,0.000194196,0.000194196
1355,11849,0.32296,0.17913,0.78495,0.99861,1,0.995,0.99172,0.20577,0.12489,0.76868,0.000193905,0.000193905,0.000193905
1356,11858.1,0.31095,0.17285,0.78575,0.99865,1,0.995,0.992,0.20491,0.12421,0.76869,0.000193614,0.000193614,0.000193614
1357,11868.3,0.31764,0.17636,0.78644,0.99867,1,0.995,0.99174,0.20438,0.12419,0.76874,0.000193323,0.000193323,0.000193323
1358,11877,0.32613,0.17845,0.79349,0.99865,1,0.995,0.99161,0.20361,0.12391,0.76866,0.000193032,0.000193032,0.000193032
1359,11886.4,0.31495,0.17779,0.78389,0.99864,1,0.995,0.99154,0.20356,0.12389,0.76871,0.000192741,0.000192741,0.000192741
1360,11896.3,0.30595,0.17366,0.78546,0.99866,1,0.995,0.99147,0.20295,0.1231,0.76868,0.000192449,0.000192449,0.000192449
1361,11904,0.32949,0.18171,0.79309,0.99869,1,0.995,0.99148,0.20259,0.12288,0.76865,0.000192158,0.000192158,0.000192158
1362,11914.5,0.34718,0.18392,0.79787,0.99871,1,0.995,0.99173,0.20349,0.12303,0.76867,0.000191867,0.000191867,0.000191867
1363,11922.2,0.37059,0.28747,0.79734,0.99871,1,0.995,0.99131,0.20526,0.12405,0.76884,0.000191576,0.000191576,0.000191576
1364,11932.1,0.31416,0.17538,0.78356,0.99871,1,0.995,0.99162,0.20447,0.12432,0.76877,0.000191285,0.000191285,0.000191285
1365,11940.5,0.31396,0.17567,0.79057,0.99867,1,0.995,0.99188,0.20542,0.1248,0.7688,0.000190994,0.000190994,0.000190994
1366,11948.4,0.30535,0.17048,0.7828,0.9986,1,0.995,0.99194,0.20692,0.12501,0.76897,0.000190703,0.000190703,0.000190703
1367,11957,0.30898,0.17741,0.78253,0.99854,1,0.995,0.99158,0.2067,0.12477,0.76907,0.000190412,0.000190412,0.000190412
1368,11967.5,0.28138,0.15987,0.78429,0.99853,1,0.995,0.99189,0.20529,0.12424,0.76892,0.000190121,0.000190121,0.000190121
1369,11976.1,0.29613,0.17799,0.79998,0.99852,1,0.995,0.99161,0.20612,0.12416,0.76895,0.00018983,0.00018983,0.00018983
1370,11982.9,0.34788,0.18692,0.78255,0.99853,1,0.995,0.99154,0.20619,0.12419,0.76887,0.000189539,0.000189539,0.000189539
1371,11990.6,0.33796,0.18521,0.77889,0.99858,1,0.995,0.99168,0.20434,0.12331,0.76871,0.000189248,0.000189248,0.000189248
1372,12000.3,0.31001,0.17565,0.78756,0.99863,1,0.995,0.99147,0.2044,0.12346,0.76867,0.000188957,0.000188957,0.000188957
1373,12007.4,0.30795,0.17655,0.78599,0.99867,1,0.995,0.99135,0.20474,0.12309,0.76863,0.000188666,0.000188666,0.000188666
1374,12016.7,0.30365,0.17196,0.77477,0.99869,1,0.995,0.99137,0.2041,0.12298,0.76857,0.000188375,0.000188375,0.000188375
1375,12024.7,0.32937,0.18107,0.78985,0.99869,1,0.995,0.9918,0.20494,0.12291,0.76864,0.000188084,0.000188084,0.000188084
1376,12033.1,0.31539,0.18052,0.78125,0.99874,1,0.995,0.99176,0.20552,0.12269,0.7687,0.000187793,0.000187793,0.000187793
1377,12041.9,0.30973,0.17602,0.79338,0.99875,1,0.995,0.99169,0.2052,0.12264,0.76867,0.000187501,0.000187501,0.000187501
1378,12049.8,0.33047,0.1805,0.78504,0.99879,1,0.995,0.99175,0.20555,0.12299,0.76866,0.00018721,0.00018721,0.00018721
1379,12059.7,0.29269,0.16628,0.78641,0.99882,1,0.995,0.99165,0.20475,0.1228,0.76856,0.000186919,0.000186919,0.000186919
1380,12067,0.31237,0.17245,0.77403,0.9988,1,0.995,0.99198,0.20354,0.12212,0.76831,0.000186628,0.000186628,0.000186628
1381,12077.4,0.31545,0.17564,0.78343,0.99879,1,0.995,0.99208,0.20277,0.1218,0.76825,0.000186337,0.000186337,0.000186337
1382,12087.1,0.33545,0.1869,0.78681,0.9988,1,0.995,0.99209,0.20258,0.12176,0.76816,0.000186046,0.000186046,0.000186046
1383,12096.7,0.30315,0.17211,0.78438,0.99879,1,0.995,0.99181,0.20311,0.12173,0.76826,0.000185755,0.000185755,0.000185755
1384,12105.3,0.3402,0.18732,0.78804,0.99874,1,0.995,0.99168,0.2022,0.12186,0.76818,0.000185464,0.000185464,0.000185464
1385,12114.4,0.30479,0.17287,0.78167,0.99871,1,0.995,0.99157,0.20216,0.12249,0.76814,0.000185173,0.000185173,0.000185173
1386,12122.9,0.33252,0.1869,0.78289,0.9987,1,0.995,0.99172,0.20258,0.12237,0.76824,0.000184882,0.000184882,0.000184882
1387,12133.5,0.30205,0.17012,0.78787,0.99873,1,0.995,0.99174,0.20317,0.12263,0.76837,0.000184591,0.000184591,0.000184591
1388,12142,0.30838,0.17697,0.7837,0.99873,0.99997,0.995,0.99145,0.20361,0.12303,0.76845,0.0001843,0.0001843,0.0001843
1389,12151.3,0.29851,0.16602,0.78531,0.9987,1,0.995,0.9916,0.20318,0.12273,0.7684,0.000184009,0.000184009,0.000184009
1390,12161.3,0.30115,0.17144,0.78017,0.99868,1,0.995,0.99165,0.20327,0.12229,0.76841,0.000183718,0.000183718,0.000183718
1391,12169.4,0.31365,0.17402,0.78279,0.9987,1,0.995,0.99136,0.20252,0.12196,0.76833,0.000183427,0.000183427,0.000183427
1392,12178.2,0.31487,0.17382,0.78933,0.99875,1,0.995,0.9908,0.20236,0.12213,0.76829,0.000183136,0.000183136,0.000183136
1393,12186.5,0.30219,0.17094,0.77994,0.99907,1,0.995,0.9908,0.20288,0.12215,0.76839,0.000182844,0.000182844,0.000182844
1394,12195,0.32121,0.17604,0.78203,0.99896,1,0.995,0.99066,0.20366,0.12286,0.7683,0.000182553,0.000182553,0.000182553
1395,12205.2,0.3021,0.17135,0.7886,0.99896,1,0.995,0.99096,0.20348,0.12277,0.76822,0.000182262,0.000182262,0.000182262
1396,12212.8,0.3066,0.17092,0.78161,0.99894,1,0.995,0.99108,0.20357,0.1225,0.76827,0.000181971,0.000181971,0.000181971
1397,12222.4,0.29537,0.16525,0.78926,0.99894,1,0.995,0.9913,0.20355,0.1227,0.76827,0.00018168,0.00018168,0.00018168
1398,12230,0.31472,0.17392,0.79029,0.99908,1,0.995,0.9913,0.20238,0.12175,0.76818,0.000181389,0.000181389,0.000181389
1399,12239.7,0.29736,0.16531,0.78152,0.99897,0.99998,0.995,0.99102,0.20219,0.12145,0.76812,0.000181098,0.000181098,0.000181098
1400,12248.6,0.30212,0.16886,0.78832,0.99896,0.99997,0.995,0.99133,0.20181,0.12176,0.76804,0.000180807,0.000180807,0.000180807
1401,12257.4,0.31786,0.17603,0.78234,0.99896,1,0.995,0.99122,0.20158,0.12163,0.76805,0.000180516,0.000180516,0.000180516
1402,12265.6,0.29672,0.16839,0.78218,0.9991,1,0.995,0.99104,0.20102,0.12178,0.76801,0.000180225,0.000180225,0.000180225
1403,12273.8,0.3188,0.18092,0.78922,0.99882,0.99991,0.995,0.9914,0.20164,0.12204,0.76807,0.000179934,0.000179934,0.000179934
1404,12282.5,0.28602,0.16449,0.78484,0.99878,1,0.995,0.99152,0.20106,0.12196,0.76804,0.000179643,0.000179643,0.000179643
1405,12293.7,0.33843,0.17877,0.79482,0.99878,1,0.995,0.99146,0.20055,0.1218,0.76799,0.000179352,0.000179352,0.000179352
1406,12299.6,0.35219,0.1864,0.77882,0.99889,1,0.995,0.99162,0.20027,0.12144,0.768,0.000179061,0.000179061,0.000179061
1407,12308.1,0.31347,0.17539,0.77873,0.99905,1,0.995,0.99129,0.20059,0.12121,0.76809,0.00017877,0.00017877,0.00017877
1408,12315.1,0.32768,0.18204,0.78463,0.9991,1,0.995,0.99172,0.20047,0.12164,0.76813,0.000178479,0.000178479,0.000178479
1409,12324,0.31006,0.17404,0.77962,0.99929,1,0.995,0.99176,0.20155,0.12188,0.76825,0.000178188,0.000178188,0.000178188
1410,12333.3,0.30974,0.17687,0.78245,0.99905,1,0.995,0.99131,0.20316,0.12251,0.7684,0.000177896,0.000177896,0.000177896
1411,12341.7,0.33528,0.18359,0.79123,0.99905,1,0.995,0.99134,0.20381,0.12288,0.76845,0.000177605,0.000177605,0.000177605
1412,12351.4,0.30336,0.17106,0.77902,0.999,1,0.995,0.99135,0.20466,0.12326,0.76845,0.000177314,0.000177314,0.000177314
1413,12360.1,0.35124,0.19243,0.78988,0.99899,1,0.995,0.99138,0.20523,0.12325,0.76842,0.000177023,0.000177023,0.000177023
1414,12369.1,0.29451,0.1682,0.78289,0.999,1,0.995,0.99168,0.20501,0.12292,0.76831,0.000176732,0.000176732,0.000176732
1415,12377.8,0.33618,0.18324,0.78532,0.99904,1,0.995,0.99149,0.20478,0.12238,0.76837,0.000176441,0.000176441,0.000176441
1416,12385.5,0.34391,0.18431,0.78607,0.99881,1,0.995,0.9913,0.20552,0.12325,0.76846,0.00017615,0.00017615,0.00017615
1417,12393.5,0.33688,0.18487,0.78712,0.99878,1,0.995,0.99133,0.20554,0.1232,0.76844,0.000175859,0.000175859,0.000175859
1418,12401.7,0.31238,0.17343,0.78073,0.99861,1,0.995,0.9913,0.20548,0.1234,0.76847,0.000175568,0.000175568,0.000175568
1419,12409,0.32464,0.18098,0.777,0.99861,1,0.995,0.99117,0.20598,0.12354,0.76849,0.000175277,0.000175277,0.000175277
1420,12417.8,0.29513,0.16578,0.78196,0.99871,1,0.995,0.9911,0.20532,0.12304,0.76837,0.000174986,0.000174986,0.000174986
1421,12425.5,0.34248,0.18693,0.77681,0.99869,1,0.995,0.99119,0.20555,0.12279,0.76833,0.000174695,0.000174695,0.000174695
1422,12433.5,0.32467,0.18081,0.77734,0.99869,1,0.995,0.99144,0.2042,0.12205,0.76815,0.000174404,0.000174404,0.000174404
1423,12442.5,0.32028,0.17761,0.79304,0.99884,1,0.995,0.99134,0.20369,0.12171,0.76811,0.000174113,0.000174113,0.000174113
1424,12452.3,0.29203,0.16237,0.7802,0.99882,1,0.995,0.99166,0.20211,0.12114,0.76796,0.000173822,0.000173822,0.000173822
1425,12460.6,0.31347,0.17247,0.77852,0.99885,1,0.995,0.99193,0.20129,0.12137,0.76784,0.000173531,0.000173531,0.000173531
1426,12469.2,0.32424,0.18321,0.78263,0.99888,1,0.995,0.99183,0.20062,0.12148,0.76776,0.000173239,0.000173239,0.000173239
1427,12477.1,0.31659,0.17572,0.78616,0.99889,1,0.995,0.99196,0.19939,0.1212,0.76768,0.000172948,0.000172948,0.000172948
1428,12487.5,0.28818,0.16293,0.78422,0.99891,1,0.995,0.99193,0.19865,0.12087,0.76758,0.000172657,0.000172657,0.000172657
1429,12494.8,0.30824,0.17238,0.78499,0.99894,1,0.995,0.99207,0.19865,0.12098,0.7676,0.000172366,0.000172366,0.000172366
1430,12503.1,0.29506,0.16827,0.77604,0.99896,1,0.995,0.99199,0.19856,0.12071,0.76752,0.000172075,0.000172075,0.000172075
1431,12511.7,0.30158,0.16733,0.78728,0.99897,1,0.995,0.99217,0.19898,0.12089,0.76747,0.000171784,0.000171784,0.000171784
1432,12521.5,0.30527,0.17178,0.77607,0.99898,1,0.995,0.99237,0.20005,0.12083,0.76749,0.000171493,0.000171493,0.000171493
1433,12533.6,0.27243,0.15618,0.74362,0.99896,1,0.995,0.99204,0.19994,0.12055,0.76745,0.000171202,0.000171202,0.000171202
1434,12543.7,0.28371,0.16236,0.78379,0.99894,1,0.995,0.99211,0.1996,0.12003,0.7674,0.000170911,0.000170911,0.000170911
1435,12551.6,0.31819,0.17711,0.78644,0.99897,1,0.995,0.99206,0.20037,0.12022,0.76739,0.00017062,0.00017062,0.00017062
1436,12561.1,0.30088,0.16496,0.78196,0.99901,1,0.995,0.99226,0.20018,0.12046,0.76731,0.000170329,0.000170329,0.000170329
1437,12569.7,0.28741,0.16586,0.77982,0.99906,1,0.995,0.99203,0.20124,0.12125,0.76742,0.000170038,0.000170038,0.000170038
1438,12578.2,0.31707,0.17427,0.7878,0.99907,1,0.995,0.99208,0.20014,0.12121,0.76737,0.000169747,0.000169747,0.000169747
1439,12586.4,0.31284,0.17553,0.78107,0.99906,1,0.995,0.99207,0.20057,0.12178,0.76736,0.000169456,0.000169456,0.000169456
1440,12596.7,0.2788,0.16474,0.78338,0.99906,1,0.995,0.99189,0.20148,0.12205,0.76739,0.000169165,0.000169165,0.000169165
1441,12604,0.31856,0.176,0.78563,0.99909,1,0.995,0.99197,0.20087,0.12162,0.76732,0.000168874,0.000168874,0.000168874
1442,12611.8,0.31308,0.17847,0.78581,0.99908,1,0.995,0.99181,0.20102,0.12218,0.7673,0.000168583,0.000168583,0.000168583
1443,12620.7,0.32866,0.17901,0.77504,0.99905,1,0.995,0.99169,0.2006,0.12192,0.76728,0.000168291,0.000168291,0.000168291
1444,12628.3,0.28504,0.16457,0.78131,0.99904,1,0.995,0.99197,0.20068,0.12187,0.76732,0.000168,0.000168,0.000168
1445,12637,0.30783,0.17023,0.78553,0.99904,1,0.995,0.99219,0.20002,0.12153,0.76733,0.000167709,0.000167709,0.000167709
1446,12645.3,0.30803,0.17163,0.78532,0.999,1,0.995,0.99181,0.19986,0.12151,0.76743,0.000167418,0.000167418,0.000167418
1447,12653.7,0.29529,0.17116,0.77363,0.999,1,0.995,0.99188,0.19987,0.12131,0.76743,0.000167127,0.000167127,0.000167127
1448,12663.8,0.31567,0.17442,0.78003,0.999,1,0.995,0.99211,0.19978,0.12109,0.76751,0.000166836,0.000166836,0.000166836
1449,12674,0.29535,0.16791,0.78339,0.99897,1,0.995,0.99227,0.19876,0.1208,0.76748,0.000166545,0.000166545,0.000166545
1450,12683.9,0.27931,0.15841,0.78229,0.99893,1,0.995,0.99217,0.19873,0.12052,0.76753,0.000166254,0.000166254,0.000166254
1451,12691.5,0.29247,0.16561,0.78372,0.99891,1,0.995,0.99243,0.19744,0.12028,0.76746,0.000165963,0.000165963,0.000165963
1452,12702.1,0.29537,0.16715,0.77992,0.99892,1,0.995,0.99248,0.19557,0.11996,0.76736,0.000165672,0.000165672,0.000165672
1453,12712.3,0.28805,0.16178,0.78439,0.99892,1,0.995,0.99239,0.19433,0.11973,0.76734,0.000165381,0.000165381,0.000165381
1454,12721.8,0.28721,0.15642,0.76373,0.99893,1,0.995,0.99239,0.19426,0.11958,0.76735,0.00016509,0.00016509,0.00016509
1455,12731.2,0.28267,0.16182,0.7842,0.99894,1,0.995,0.99235,0.1943,0.11922,0.76732,0.000164799,0.000164799,0.000164799
1456,12740.3,0.31167,0.173,0.78086,0.99893,1,0.995,0.99227,0.19494,0.11903,0.7674,0.000164508,0.000164508,0.000164508
1457,12749.5,0.28983,0.16462,0.78184,0.99891,1,0.995,0.99226,0.19554,0.11946,0.76751,0.000164217,0.000164217,0.000164217
1458,12759.6,0.28105,0.16102,0.78525,0.9989,1,0.995,0.99224,0.19515,0.11904,0.7675,0.000163926,0.000163926,0.000163926
1459,12769.1,0.30366,0.17054,0.78336,0.9989,1,0.995,0.99238,0.19526,0.11919,0.76759,0.000163635,0.000163635,0.000163635
1460,12777.6,0.32021,0.17762,0.77192,0.99891,1,0.995,0.99242,0.19518,0.11909,0.76762,0.000163343,0.000163343,0.000163343
1461,12786.6,0.28252,0.16177,0.77904,0.99893,1,0.995,0.99245,0.19532,0.11973,0.76771,0.000163052,0.000163052,0.000163052
1462,12794.2,0.32054,0.17979,0.78345,0.99895,1,0.995,0.99262,0.19642,0.11995,0.76777,0.000162761,0.000162761,0.000162761
1463,12802.7,0.31055,0.17417,0.7765,0.99899,1,0.995,0.99228,0.19702,0.12003,0.76789,0.00016247,0.00016247,0.00016247
1464,12810.8,0.32464,0.18338,0.78088,0.999,1,0.995,0.9921,0.19728,0.12008,0.76779,0.000162179,0.000162179,0.000162179
1465,12819.6,0.28637,0.1625,0.74391,0.99899,1,0.995,0.99232,0.19829,0.12001,0.76772,0.000161888,0.000161888,0.000161888
1466,12827.7,0.30192,0.16844,0.77789,0.99899,1,0.995,0.9924,0.19844,0.12015,0.76776,0.000161597,0.000161597,0.000161597
1467,12836.4,0.31502,0.17302,0.78728,0.99901,1,0.995,0.99234,0.19798,0.11971,0.76773,0.000161306,0.000161306,0.000161306
1468,12845.1,0.30448,0.17044,0.78484,0.99902,1,0.995,0.99206,0.1978,0.11971,0.76771,0.000161015,0.000161015,0.000161015
1469,12852.5,0.31555,0.17389,0.78399,0.99904,1,0.995,0.99201,0.19752,0.11965,0.7677,0.000160724,0.000160724,0.000160724
1470,12860.6,0.30243,0.16847,0.78093,0.99906,1,0.995,0.9922,0.19645,0.11961,0.7676,0.000160433,0.000160433,0.000160433
1471,12867.9,0.30838,0.1718,0.777,0.99907,1,0.995,0.99216,0.19714,0.11949,0.76768,0.000160142,0.000160142,0.000160142
1472,12877.7,0.29372,0.16496,0.78793,0.99908,1,0.995,0.99228,0.19682,0.11908,0.76769,0.000159851,0.000159851,0.000159851
1473,12886.9,0.3052,0.17037,0.78389,0.99909,1,0.995,0.99238,0.19613,0.11885,0.76771,0.00015956,0.00015956,0.00015956
1474,12895.2,0.27614,0.16213,0.77609,0.99909,1,0.995,0.99237,0.19581,0.11879,0.76771,0.000159269,0.000159269,0.000159269
1475,12902.8,0.30398,0.16796,0.77705,0.99909,1,0.995,0.99225,0.19616,0.11854,0.76771,0.000158978,0.000158978,0.000158978
1476,12912.1,0.30134,0.16542,0.79008,0.99911,1,0.995,0.99226,0.19604,0.11835,0.76764,0.000158686,0.000158686,0.000158686
1477,12920,0.30298,0.17112,0.78233,0.99908,1,0.995,0.99223,0.19674,0.1186,0.76765,0.000158395,0.000158395,0.000158395
1478,12927.8,0.30262,0.1684,0.78161,0.99903,1,0.995,0.99185,0.19702,0.11847,0.76769,0.000158104,0.000158104,0.000158104
1479,12936.8,0.29256,0.16599,0.78486,0.99905,1,0.995,0.99173,0.19666,0.11873,0.76765,0.000157813,0.000157813,0.000157813
1480,12946.3,0.27623,0.15642,0.74408,0.99905,1,0.995,0.99185,0.197,0.11876,0.76765,0.000157522,0.000157522,0.000157522
1481,12955.6,0.29585,0.16732,0.78238,0.99906,1,0.995,0.99172,0.1966,0.11881,0.76761,0.000157231,0.000157231,0.000157231
1482,12964.4,0.28677,0.16086,0.78706,0.99907,1,0.995,0.99174,0.19625,0.11883,0.76764,0.00015694,0.00015694,0.00015694
1483,12972.4,0.31491,0.17213,0.78297,0.9988,1,0.995,0.99212,0.19644,0.11894,0.76769,0.000156649,0.000156649,0.000156649
1484,12983.2,0.26932,0.15987,0.78212,0.99881,1,0.995,0.99222,0.19604,0.11889,0.76761,0.000156358,0.000156358,0.000156358
1485,12991.6,0.2967,0.16985,0.7843,0.99879,1,0.995,0.99239,0.19586,0.11919,0.76761,0.000156067,0.000156067,0.000156067
1486,12999.6,0.31462,0.17355,0.79344,0.99877,1,0.995,0.99278,0.1949,0.11874,0.76753,0.000155776,0.000155776,0.000155776
1487,13008.8,0.29496,0.16472,0.77931,0.99888,1,0.995,0.99277,0.19461,0.11843,0.76757,0.000155485,0.000155485,0.000155485
1488,13017.3,0.31016,0.18119,0.79336,0.99901,1,0.995,0.99295,0.19498,0.11835,0.76762,0.000155194,0.000155194,0.000155194
1489,13027,0.29381,0.16755,0.78597,0.99899,1,0.995,0.99292,0.19386,0.1178,0.76756,0.000154903,0.000154903,0.000154903
1490,13033.6,0.32262,0.18506,0.78317,0.99899,1,0.995,0.99327,0.19401,0.11763,0.76764,0.000154612,0.000154612,0.000154612
1491,13042.2,0.29732,0.16851,0.77996,0.999,1,0.995,0.99327,0.19407,0.1175,0.76762,0.000154321,0.000154321,0.000154321
1492,13052.1,0.29559,0.16275,0.78983,0.99901,1,0.995,0.99333,0.19303,0.11687,0.76755,0.00015403,0.00015403,0.00015403
1493,13061.5,0.29402,0.16481,0.77928,0.99901,1,0.995,0.99339,0.19247,0.11642,0.76752,0.000153738,0.000153738,0.000153738
1494,13070.9,0.28531,0.16128,0.78849,0.99904,1,0.995,0.9932,0.19146,0.11644,0.7675,0.000153447,0.000153447,0.000153447
1495,13080.3,0.2834,0.15736,0.78472,0.99906,1,0.995,0.99338,0.19148,0.11674,0.7675,0.000153156,0.000153156,0.000153156
1496,13090.1,0.31846,0.17384,0.78058,0.99908,1,0.995,0.99325,0.19132,0.11672,0.76745,0.000152865,0.000152865,0.000152865
1497,13099.7,0.27691,0.15754,0.78221,0.99907,1,0.995,0.99299,0.19086,0.11659,0.76734,0.000152574,0.000152574,0.000152574
1498,13108.4,0.28701,0.1609,0.77713,0.99906,1,0.995,0.99291,0.19098,0.11668,0.76732,0.000152283,0.000152283,0.000152283
1499,13116.2,0.29106,0.16211,0.7723,0.99906,1,0.995,0.99297,0.19004,0.11657,0.76724,0.000151992,0.000151992,0.000151992
1500,13124.8,0.29834,0.16469,0.77859,0.99905,1,0.995,0.9928,0.19071,0.11691,0.76734,0.000151701,0.000151701,0.000151701
1501,13134.2,0.28403,0.16067,0.78082,0.99903,1,0.995,0.99274,0.19032,0.11681,0.76735,0.00015141,0.00015141,0.00015141
1502,13141.6,0.30897,0.17222,0.78326,0.99902,1,0.995,0.99272,0.1895,0.11698,0.76726,0.000151119,0.000151119,0.000151119
1503,13151.7,0.28851,0.16311,0.79156,0.99901,1,0.995,0.99292,0.19001,0.11671,0.76736,0.000150828,0.000150828,0.000150828
1504,13159.5,0.28875,0.1653,0.7818,0.99902,1,0.995,0.99314,0.19026,0.11682,0.76738,0.000150537,0.000150537,0.000150537
1505,13167.8,0.3048,0.16593,0.78043,0.99902,1,0.995,0.99317,0.18982,0.1165,0.7673,0.000150246,0.000150246,0.000150246
1506,13176.1,0.30112,0.16937,0.77607,0.999,1,0.995,0.99323,0.18972,0.11584,0.76724,0.000149955,0.000149955,0.000149955
1507,13185.3,0.28292,0.16157,0.77892,0.99898,1,0.995,0.99322,0.18949,0.11545,0.76713,0.000149664,0.000149664,0.000149664
1508,13194.4,0.2969,0.16499,0.78895,0.99898,1,0.995,0.99332,0.18825,0.11506,0.76704,0.000149373,0.000149373,0.000149373
1509,13201.9,0.30339,0.16955,0.77639,0.99899,1,0.995,0.9932,0.18871,0.11487,0.76707,0.000149082,0.000149082,0.000149082
1510,13211.5,0.29357,0.16281,0.78498,0.99898,1,0.995,0.99334,0.18875,0.11534,0.76705,0.00014879,0.00014879,0.00014879
1511,13219.4,0.30525,0.16704,0.77449,0.99895,1,0.995,0.99338,0.18787,0.11502,0.76705,0.000148499,0.000148499,0.000148499
1512,13227.7,0.33869,0.18127,0.78562,0.99893,1,0.995,0.99316,0.18792,0.11499,0.76708,0.000148208,0.000148208,0.000148208
1513,13236.7,0.29121,0.16493,0.77798,0.99894,1,0.995,0.99318,0.18826,0.11455,0.7671,0.000147917,0.000147917,0.000147917
1514,13245,0.33227,0.18621,0.8157,0.99896,1,0.995,0.99328,0.18778,0.11456,0.76708,0.000147626,0.000147626,0.000147626
1515,13253.5,0.29074,0.16216,0.78342,0.99896,1,0.995,0.99301,0.18729,0.11435,0.76702,0.000147335,0.000147335,0.000147335
1516,13261.8,0.29522,0.16777,0.7842,0.99896,1,0.995,0.99303,0.18685,0.11468,0.76695,0.000147044,0.000147044,0.000147044
1517,13270.9,0.28717,0.16106,0.78658,0.99896,1,0.995,0.99316,0.18575,0.11477,0.76694,0.000146753,0.000146753,0.000146753
1518,13277.5,0.27792,0.16156,0.77505,0.99884,1,0.995,0.99339,0.18609,0.11494,0.76701,0.000146462,0.000146462,0.000146462
1519,13287.9,0.26543,0.15536,0.77978,0.99886,1,0.995,0.99334,0.18599,0.1144,0.76702,0.000146171,0.000146171,0.000146171
1520,13295.7,0.27265,0.15891,0.78556,0.99887,1,0.995,0.99331,0.18561,0.11426,0.76701,0.00014588,0.00014588,0.00014588
1521,13302.8,0.30142,0.16752,0.78259,0.99888,1,0.995,0.99326,0.18572,0.11412,0.76708,0.000145589,0.000145589,0.000145589
1522,13312.7,0.29584,0.16527,0.77619,0.99889,1,0.995,0.99326,0.18565,0.11418,0.76706,0.000145298,0.000145298,0.000145298
1523,13320.3,0.31203,0.17305,0.78169,0.99889,1,0.995,0.99348,0.18449,0.11391,0.76696,0.000145007,0.000145007,0.000145007
1524,13330.7,0.2828,0.16063,0.78696,0.99891,1,0.995,0.99356,0.18458,0.11369,0.76694,0.000144716,0.000144716,0.000144716
1525,13339.8,0.28259,0.16092,0.7801,0.99891,1,0.995,0.99352,0.18496,0.1138,0.76695,0.000144425,0.000144425,0.000144425
1526,13348.7,0.2771,0.15713,0.77782,0.99891,1,0.995,0.99376,0.18449,0.11384,0.76687,0.000144134,0.000144134,0.000144134
1527,13358.5,0.28172,0.15972,0.78312,0.99891,1,0.995,0.99399,0.18405,0.11396,0.76685,0.000143842,0.000143842,0.000143842
1528,13368.2,0.28015,0.16297,0.7846,0.9989,1,0.995,0.99365,0.18379,0.11441,0.76681,0.000143551,0.000143551,0.000143551
1529,13377.4,0.27322,0.15731,0.77875,0.99892,1,0.995,0.99367,0.18314,0.11437,0.76682,0.00014326,0.00014326,0.00014326
1530,13387.2,0.28243,0.1664,0.78208,0.99893,1,0.995,0.99372,0.18247,0.11407,0.7668,0.000142969,0.000142969,0.000142969
1531,13396,0.3156,0.17195,0.78682,0.99895,1,0.995,0.99379,0.18289,0.1142,0.76678,0.000142678,0.000142678,0.000142678
1532,13404.3,0.27032,0.15781,0.78224,0.99895,1,0.995,0.99374,0.18396,0.11435,0.76684,0.000142387,0.000142387,0.000142387
1533,13414,0.26996,0.15628,0.77938,0.99895,1,0.995,0.99373,0.18461,0.11398,0.76689,0.000142096,0.000142096,0.000142096
1534,13423.4,0.29524,0.16812,0.78647,0.99895,1,0.995,0.99367,0.18484,0.11376,0.76688,0.000141805,0.000141805,0.000141805
1535,13432,0.32426,0.17794,0.78595,0.99892,1,0.995,0.99362,0.18509,0.11404,0.76688,0.000141514,0.000141514,0.000141514
1536,13440.4,0.29058,0.16571,0.78035,0.99891,1,0.995,0.99372,0.18534,0.11352,0.7669,0.000141223,0.000141223,0.000141223
1537,13447.7,0.29766,0.16817,0.77548,0.99891,1,0.995,0.99366,0.18543,0.11343,0.76685,0.000140932,0.000140932,0.000140932
1538,13456,0.26078,0.15396,0.77918,0.9989,1,0.995,0.99361,0.18527,0.11368,0.76678,0.000140641,0.000140641,0.000140641
1539,13464.5,0.28108,0.16133,0.78292,0.9989,1,0.995,0.99362,0.18538,0.11348,0.76679,0.00014035,0.00014035,0.00014035
1540,13472.5,0.3511,0.18767,0.78258,0.9989,1,0.995,0.99354,0.18574,0.11361,0.76684,0.000140059,0.000140059,0.000140059
1541,13481.8,0.2708,0.15659,0.77994,0.99891,1,0.995,0.99372,0.18595,0.11379,0.76684,0.000139768,0.000139768,0.000139768
1542,13491,0.27936,0.15805,0.7813,0.99889,1,0.995,0.99378,0.18528,0.11358,0.76682,0.000139477,0.000139477,0.000139477
1543,13499.4,0.33169,0.18008,0.79024,0.99889,1,0.995,0.99376,0.18519,0.1135,0.76681,0.000139185,0.000139185,0.000139185
1544,13508.2,0.29254,0.16349,0.78121,0.99889,1,0.995,0.99368,0.18485,0.11344,0.76682,0.000138894,0.000138894,0.000138894
1545,13517.7,0.29728,0.16387,0.78163,0.99888,1,0.995,0.99352,0.18497,0.11336,0.76684,0.000138603,0.000138603,0.000138603
1546,13526,0.28125,0.16148,0.77143,0.99906,1,0.995,0.99351,0.1849,0.11344,0.76682,0.000138312,0.000138312,0.000138312
1547,13535.4,0.27818,0.1611,0.7822,0.99908,1,0.995,0.99353,0.18461,0.1131,0.76682,0.000138021,0.000138021,0.000138021
1548,13543.5,0.31304,0.17242,0.78412,0.9991,1,0.995,0.99365,0.18438,0.11313,0.76685,0.00013773,0.00013773,0.00013773
1549,13552.4,0.27089,0.15681,0.7775,0.99914,1,0.995,0.99364,0.18389,0.11305,0.76684,0.000137439,0.000137439,0.000137439
1550,13561.3,0.27141,0.15391,0.78821,0.99914,1,0.995,0.99363,0.18386,0.1129,0.76686,0.000137148,0.000137148,0.000137148
1551,13570.5,0.29999,0.16368,0.77866,0.99911,1,0.995,0.99353,0.18354,0.11266,0.76686,0.000136857,0.000136857,0.000136857
1552,13579.2,0.29192,0.1646,0.7787,0.9991,1,0.995,0.99324,0.18403,0.11271,0.76682,0.000136566,0.000136566,0.000136566
1553,13587.1,0.27837,0.16125,0.79263,0.99915,1,0.995,0.9931,0.18412,0.11292,0.76685,0.000136275,0.000136275,0.000136275
1554,13594.2,0.28891,0.16407,0.77972,0.99911,1,0.995,0.99294,0.18394,0.11297,0.7668,0.000135984,0.000135984,0.000135984
1555,13601.5,0.31002,0.17084,0.77911,0.99915,1,0.995,0.99302,0.18407,0.11288,0.7669,0.000135693,0.000135693,0.000135693
1556,13610,0.29314,0.16783,0.7851,0.99914,1,0.995,0.99305,0.1835,0.11271,0.76686,0.000135402,0.000135402,0.000135402
1557,13617.6,0.31827,0.17615,0.78509,0.99913,1,0.995,0.99315,0.1838,0.11276,0.76691,0.000135111,0.000135111,0.000135111
1558,13626.5,0.28775,0.16117,0.7759,0.99893,1,0.995,0.99329,0.1842,0.11307,0.76693,0.00013482,0.00013482,0.00013482
1559,13634.7,0.2932,0.16663,0.77672,0.99893,1,0.995,0.99335,0.18441,0.11324,0.76693,0.000134529,0.000134529,0.000134529
1560,13643.4,0.28282,0.16291,0.77629,0.99893,1,0.995,0.9934,0.18496,0.1133,0.76698,0.000134237,0.000134237,0.000134237
1561,13651.8,0.28692,0.16392,0.77519,0.99893,1,0.995,0.9934,0.18541,0.11338,0.767,0.000133946,0.000133946,0.000133946
1562,13660.9,0.29945,0.16548,0.78644,0.99894,1,0.995,0.99348,0.18513,0.11326,0.76698,0.000133655,0.000133655,0.000133655
1563,13668.9,0.31381,0.17209,0.77835,0.99908,1,0.995,0.99339,0.18558,0.11347,0.76707,0.000133364,0.000133364,0.000133364
1564,13677.7,0.26834,0.15482,0.78104,0.99907,1,0.995,0.99335,0.18626,0.11313,0.76711,0.000133073,0.000133073,0.000133073
1565,13687,0.29966,0.16655,0.78754,0.99907,1,0.995,0.99341,0.18578,0.11333,0.76708,0.000132782,0.000132782,0.000132782
1566,13695.7,0.28325,0.16553,0.77555,0.99906,1,0.995,0.99331,0.18531,0.11327,0.76706,0.000132491,0.000132491,0.000132491
1567,13703.4,0.27516,0.16089,0.77453,0.99906,1,0.995,0.99334,0.18518,0.11323,0.76704,0.0001322,0.0001322,0.0001322
1568,13712.3,0.29692,0.16841,0.78827,0.99905,1,0.995,0.99333,0.18525,0.11323,0.76695,0.000131909,0.000131909,0.000131909
1569,13722,0.26246,0.15658,0.77095,0.99925,1,0.995,0.99348,0.18546,0.11312,0.76693,0.000131618,0.000131618,0.000131618
1570,13730.7,0.25743,0.15074,0.77595,0.99927,1,0.995,0.99362,0.18538,0.11311,0.76686,0.000131327,0.000131327,0.000131327
1571,13738.4,0.29235,0.16784,0.78575,0.99927,1,0.995,0.99351,0.18545,0.1132,0.76669,0.000131036,0.000131036,0.000131036
1572,13747,0.27412,0.16159,0.77743,0.99927,1,0.995,0.99357,0.18555,0.11309,0.76665,0.000130745,0.000130745,0.000130745
1573,13756.8,0.27317,0.15657,0.77961,0.99926,1,0.995,0.99353,0.18562,0.11329,0.76664,0.000130454,0.000130454,0.000130454
1574,13765.3,0.26916,0.15618,0.77541,0.99925,1,0.995,0.9932,0.1859,0.11373,0.76666,0.000130163,0.000130163,0.000130163
1575,13773.2,0.31352,0.17354,0.7837,0.99922,1,0.995,0.99316,0.18564,0.11384,0.76664,0.000129872,0.000129872,0.000129872
1576,13780.5,0.28203,0.16315,0.77385,0.99921,1,0.995,0.99323,0.18524,0.11367,0.76663,0.00012958,0.00012958,0.00012958
1577,13789.5,0.27107,0.15766,0.77884,0.99922,1,0.995,0.99328,0.18499,0.1138,0.76657,0.000129289,0.000129289,0.000129289
1578,13797.5,0.29031,0.16524,0.77857,0.99921,1,0.995,0.9933,0.18397,0.1136,0.76649,0.000128998,0.000128998,0.000128998
1579,13805.4,0.29547,0.16467,0.7868,0.9992,1,0.995,0.99352,0.18336,0.11331,0.76647,0.000128707,0.000128707,0.000128707
1580,13813.6,0.29604,0.16701,0.78177,0.99917,1,0.995,0.99339,0.18381,0.11346,0.76649,0.000128416,0.000128416,0.000128416
1581,13822.9,0.28513,0.16326,0.7817,0.99916,1,0.995,0.99355,0.184,0.11363,0.76654,0.000128125,0.000128125,0.000128125
1582,13831.2,0.30107,0.16867,0.78165,0.99915,1,0.995,0.99369,0.18361,0.11368,0.76655,0.000127834,0.000127834,0.000127834
1583,13838.3,0.30402,0.16838,0.77362,0.99913,1,0.995,0.99374,0.18322,0.11366,0.76654,0.000127543,0.000127543,0.000127543
1584,13846.7,0.27154,0.15901,0.7807,0.99914,1,0.995,0.99403,0.18283,0.11363,0.76652,0.000127252,0.000127252,0.000127252
1585,13855.2,0.30374,0.17904,0.78351,0.99914,1,0.995,0.99401,0.18213,0.11353,0.76644,0.000126961,0.000126961,0.000126961
1586,13864.2,0.27481,0.15661,0.77836,0.99913,1,0.995,0.99394,0.18221,0.11343,0.76636,0.00012667,0.00012667,0.00012667
1587,13872.3,0.2824,0.16187,0.78215,0.99918,1,0.995,0.99394,0.18221,0.11362,0.76636,0.000126379,0.000126379,0.000126379
1588,13881.8,0.2751,0.15622,0.78188,0.99912,1,0.995,0.99384,0.18229,0.11354,0.76634,0.000126088,0.000126088,0.000126088
1589,13891.1,0.2737,0.15995,0.78492,0.99912,1,0.995,0.99376,0.18303,0.11339,0.76636,0.000125797,0.000125797,0.000125797
1590,13898.4,0.31745,0.17121,0.78357,0.99913,1,0.995,0.99395,0.18314,0.11332,0.76638,0.000125506,0.000125506,0.000125506
1591,13907.2,0.30055,0.17037,0.78018,0.99911,1,0.995,0.9938,0.18345,0.11328,0.76644,0.000125215,0.000125215,0.000125215
1592,13915.5,0.27195,0.15824,0.77392,0.99909,1,0.995,0.99396,0.18325,0.11344,0.76645,0.000124924,0.000124924,0.000124924
1593,13924.8,0.28421,0.15697,0.78946,0.99907,1,0.995,0.994,0.183,0.11342,0.76651,0.000124632,0.000124632,0.000124632
1594,13932.3,0.30513,0.16965,0.78182,0.99907,1,0.995,0.99378,0.18309,0.1135,0.76656,0.000124341,0.000124341,0.000124341
1595,13939.7,0.30454,0.16813,0.77297,0.99912,1,0.995,0.99381,0.18311,0.11331,0.76654,0.00012405,0.00012405,0.00012405
1596,13947.4,0.27206,0.15625,0.77541,0.99915,1,0.995,0.99388,0.18212,0.11297,0.7665,0.000123759,0.000123759,0.000123759
1597,13955.2,0.27331,0.15474,0.78329,0.99917,1,0.995,0.9939,0.18235,0.11296,0.76653,0.000123468,0.000123468,0.000123468
1598,13963.5,0.28376,0.16051,0.78015,0.99917,1,0.995,0.99369,0.1826,0.11302,0.76658,0.000123177,0.000123177,0.000123177
1599,13973.2,0.27598,0.16539,0.79035,0.99917,1,0.995,0.99365,0.18182,0.11293,0.76653,0.000122886,0.000122886,0.000122886
1600,13980.3,0.31476,0.17914,0.78103,0.99897,1,0.995,0.99364,0.18184,0.11296,0.7666,0.000122595,0.000122595,0.000122595
1601,13989.2,0.29917,0.16656,0.78866,0.99895,1,0.995,0.99373,0.18184,0.11279,0.76657,0.000122304,0.000122304,0.000122304
1602,13999,0.27667,0.15266,0.77802,0.99894,1,0.995,0.99384,0.18089,0.11283,0.76652,0.000122013,0.000122013,0.000122013
1603,14008.1,0.28491,0.16127,0.78351,0.99893,1,0.995,0.99385,0.17988,0.11257,0.7664,0.000121722,0.000121722,0.000121722
1604,14015.3,0.26263,0.15094,0.73848,0.99883,1,0.995,0.99382,0.17997,0.11232,0.76644,0.000121431,0.000121431,0.000121431
1605,14023.5,0.29528,0.16135,0.79426,0.99897,1,0.995,0.99381,0.17974,0.11206,0.76662,0.00012114,0.00012114,0.00012114
1606,14032.6,0.2788,0.15827,0.77617,0.99899,1,0.995,0.99375,0.18077,0.11229,0.76672,0.000120849,0.000120849,0.000120849
1607,14041.3,0.28145,0.1553,0.78826,0.99898,1,0.995,0.99385,0.18106,0.11213,0.76676,0.000120558,0.000120558,0.000120558
1608,14049.5,0.29216,0.16238,0.7853,0.99897,1,0.995,0.99392,0.18117,0.11172,0.76679,0.000120267,0.000120267,0.000120267
1609,14057,0.28089,0.15902,0.78064,0.99897,1,0.995,0.99386,0.18111,0.11173,0.76678,0.000119976,0.000119976,0.000119976
1610,14066.5,0.27283,0.15531,0.78264,0.99897,1,0.995,0.99384,0.18154,0.11226,0.76683,0.000119684,0.000119684,0.000119684
1611,14076,0.26647,0.15551,0.77383,0.99897,1,0.995,0.99384,0.18098,0.11229,0.7668,0.000119393,0.000119393,0.000119393
1612,14084.7,0.30595,0.16997,0.77869,0.99896,1,0.995,0.9937,0.1814,0.11193,0.76689,0.000119102,0.000119102,0.000119102
1613,14092.6,0.2867,0.15743,0.78388,0.99896,1,0.995,0.99359,0.18126,0.11151,0.76691,0.000118811,0.000118811,0.000118811
1614,14101.8,0.27146,0.15463,0.78087,0.99893,1,0.995,0.99346,0.18028,0.11119,0.76683,0.00011852,0.00011852,0.00011852
1615,14110.7,0.26215,0.15396,0.78369,0.99895,1,0.995,0.99362,0.18023,0.11155,0.7668,0.000118229,0.000118229,0.000118229
1616,14118.8,0.3028,0.16506,0.79003,0.99898,1,0.995,0.99359,0.17998,0.11166,0.76678,0.000117938,0.000117938,0.000117938
1617,14128.2,0.26514,0.15497,0.77877,0.99898,1,0.995,0.99367,0.18001,0.11185,0.76674,0.000117647,0.000117647,0.000117647
1618,14136.1,0.2762,0.1595,0.77804,0.99898,1,0.995,0.99368,0.18015,0.11233,0.76673,0.000117356,0.000117356,0.000117356
1619,14144.8,0.26927,0.16524,0.78922,0.99897,1,0.995,0.99361,0.17974,0.11209,0.76663,0.000117065,0.000117065,0.000117065
1620,14155,0.25538,0.14898,0.78327,0.99901,1,0.995,0.99372,0.17942,0.11211,0.76661,0.000116774,0.000116774,0.000116774
1621,14164.4,0.26273,0.15243,0.77856,0.99901,1,0.995,0.99355,0.17894,0.1117,0.76661,0.000116483,0.000116483,0.000116483
1622,14174.1,0.26698,0.15449,0.77914,0.99897,1,0.995,0.99377,0.17868,0.11143,0.7666,0.000116192,0.000116192,0.000116192
1623,14182.6,0.28203,0.15657,0.77937,0.99871,1,0.995,0.99362,0.17872,0.11156,0.76657,0.000115901,0.000115901,0.000115901
1624,14191,0.27564,0.15798,0.7796,0.9987,1,0.995,0.9937,0.17884,0.11154,0.76659,0.00011561,0.00011561,0.00011561
1625,14200.3,0.27647,0.15483,0.77888,0.9987,1,0.995,0.99362,0.17933,0.11157,0.76662,0.000115319,0.000115319,0.000115319
1626,14208.9,0.26633,0.15271,0.77622,0.99882,1,0.995,0.99365,0.17875,0.11126,0.76656,0.000115027,0.000115027,0.000115027
1627,14218.6,0.25479,0.14429,0.77594,0.9988,1,0.995,0.99366,0.17806,0.11086,0.7665,0.000114736,0.000114736,0.000114736
1628,14226.9,0.28373,0.16221,0.77931,0.9988,1,0.995,0.9937,0.17778,0.11086,0.76648,0.000114445,0.000114445,0.000114445
1629,14235.1,0.28407,0.15709,0.77604,0.99876,1,0.995,0.9938,0.17751,0.11059,0.76644,0.000114154,0.000114154,0.000114154
1630,14243.4,0.25638,0.15041,0.77995,0.99875,1,0.995,0.99388,0.17815,0.11069,0.76642,0.000113863,0.000113863,0.000113863
1631,14251.6,0.26517,0.15097,0.7752,0.99873,1,0.995,0.99399,0.17776,0.11075,0.76637,0.000113572,0.000113572,0.000113572
1632,14261.1,0.25576,0.14531,0.74095,0.99873,1,0.995,0.99409,0.17752,0.11052,0.76628,0.000113281,0.000113281,0.000113281
1633,14270.9,0.28209,0.15672,0.78016,0.99873,1,0.995,0.99393,0.17785,0.11078,0.76631,0.00011299,0.00011299,0.00011299
1634,14278,0.33509,0.17923,0.78526,0.99874,1,0.995,0.99389,0.17736,0.11081,0.76628,0.000112699,0.000112699,0.000112699
1635,14286.3,0.27509,0.15647,0.77758,0.99877,1,0.995,0.99409,0.1767,0.1105,0.76629,0.000112408,0.000112408,0.000112408
1636,14294.3,0.28723,0.16186,0.7782,0.99877,1,0.995,0.99402,0.17632,0.11028,0.76615,0.000112117,0.000112117,0.000112117
1637,14303,0.26946,0.15501,0.78201,0.99876,1,0.995,0.99409,0.17625,0.10987,0.76616,0.000111826,0.000111826,0.000111826
1638,14312.2,0.28442,0.15728,0.78276,0.99868,1,0.995,0.99409,0.17697,0.10979,0.76618,0.000111535,0.000111535,0.000111535
1639,14320.7,0.26529,0.1555,0.77912,0.99868,1,0.995,0.99402,0.17721,0.10992,0.76615,0.000111244,0.000111244,0.000111244
1640,14328.7,0.2669,0.15623,0.77932,0.99878,1,0.995,0.99407,0.17777,0.11008,0.76613,0.000110953,0.000110953,0.000110953
1641,14338.3,0.24119,0.14017,0.77546,0.9988,1,0.995,0.99407,0.17793,0.10998,0.76608,0.000110662,0.000110662,0.000110662
1642,14345.3,0.27278,0.15448,0.77901,0.99881,1,0.995,0.99412,0.17776,0.10991,0.76605,0.000110371,0.000110371,0.000110371
1643,14355,0.27838,0.15648,0.78516,0.99882,1,0.995,0.99409,0.17764,0.10977,0.76607,0.000110079,0.000110079,0.000110079
1644,14365.1,0.25642,0.14786,0.78053,0.99883,1,0.995,0.99406,0.17764,0.1099,0.7661,0.000109788,0.000109788,0.000109788
1645,14374.2,0.27184,0.1558,0.77748,0.99884,1,0.995,0.9942,0.17647,0.10966,0.76604,0.000109497,0.000109497,0.000109497
1646,14383.3,0.30175,0.16308,0.78456,0.99884,1,0.995,0.9942,0.17574,0.10966,0.76601,0.000109206,0.000109206,0.000109206
1647,14391.7,0.26077,0.1502,0.73673,0.99883,1,0.995,0.99412,0.17536,0.10987,0.76596,0.000108915,0.000108915,0.000108915
1648,14401.8,0.24478,0.14039,0.74352,0.99884,1,0.995,0.99418,0.17515,0.10987,0.76594,0.000108624,0.000108624,0.000108624
1649,14410.1,0.27145,0.15609,0.78066,0.99884,1,0.995,0.99418,0.17512,0.1096,0.76592,0.000108333,0.000108333,0.000108333
1650,14419.2,0.28307,0.15524,0.78199,0.99884,1,0.995,0.99419,0.17528,0.10965,0.76593,0.000108042,0.000108042,0.000108042
1651,14427.3,0.28227,0.15753,0.78118,0.99886,1,0.995,0.99412,0.17514,0.10959,0.76587,0.000107751,0.000107751,0.000107751
1652,14436.5,0.29379,0.15774,0.82722,0.99887,1,0.995,0.99412,0.17529,0.10943,0.76584,0.00010746,0.00010746,0.00010746
1653,14445.3,0.26451,0.15041,0.73642,0.99888,1,0.995,0.99417,0.17531,0.1092,0.76583,0.000107169,0.000107169,0.000107169
1654,14453.3,0.26625,0.15421,0.77987,0.99887,1,0.995,0.99405,0.17556,0.10913,0.76586,0.000106878,0.000106878,0.000106878
1655,14460.7,0.28529,0.1611,0.7775,0.99887,1,0.995,0.99413,0.17541,0.10911,0.76586,0.000106587,0.000106587,0.000106587
1656,14471.7,0.25372,0.14308,0.78129,0.999,1,0.995,0.99409,0.17539,0.10905,0.76587,0.000106296,0.000106296,0.000106296
1657,14481.3,0.27904,0.1573,0.78859,0.999,1,0.995,0.99427,0.17465,0.10894,0.76585,0.000106005,0.000106005,0.000106005
1658,14490.8,0.27829,0.15306,0.7945,0.99901,1,0.995,0.99437,0.1745,0.10912,0.76585,0.000105714,0.000105714,0.000105714
1659,14499.8,0.26446,0.15257,0.77973,0.99902,1,0.995,0.99433,0.17441,0.10921,0.76584,0.000105423,0.000105423,0.000105423
1660,14508.6,0.29026,0.15785,0.79358,0.99902,1,0.995,0.99432,0.17404,0.10914,0.76581,0.000105131,0.000105131,0.000105131
1661,14518.3,0.25797,0.14834,0.77724,0.99902,1,0.995,0.99433,0.17378,0.10884,0.76585,0.00010484,0.00010484,0.00010484
1662,14527.3,0.27058,0.15567,0.77742,0.99902,1,0.995,0.99438,0.17308,0.10859,0.76584,0.000104549,0.000104549,0.000104549
1663,14536.3,0.28835,0.16101,0.78661,0.99903,1,0.995,0.9943,0.17373,0.10885,0.76592,0.000104258,0.000104258,0.000104258
1664,14545.4,0.27786,0.15622,0.77927,0.99904,1,0.995,0.99427,0.17311,0.10856,0.76585,0.000103967,0.000103967,0.000103967
1665,14555.5,0.27328,0.15374,0.78196,0.99907,1,0.995,0.99428,0.17268,0.10858,0.76587,0.000103676,0.000103676,0.000103676
1666,14563.6,0.28752,0.16097,0.78347,0.99907,1,0.995,0.99423,0.17228,0.10842,0.76583,0.000103385,0.000103385,0.000103385
1667,14572.3,0.25784,0.14842,0.78309,0.99907,1,0.995,0.99436,0.17245,0.10829,0.76589,0.000103094,0.000103094,0.000103094
1668,14581.3,0.26671,0.15385,0.77744,0.99906,1,0.995,0.99436,0.17284,0.10842,0.76593,0.000102803,0.000102803,0.000102803
1669,14589.4,0.28243,0.16092,0.77747,0.99907,1,0.995,0.99436,0.1732,0.10874,0.76599,0.000102512,0.000102512,0.000102512
1670,14598.9,0.28962,0.16007,0.7803,0.99907,1,0.995,0.99425,0.17361,0.10912,0.76601,0.000102221,0.000102221,0.000102221
1671,14607.2,0.27622,0.15586,0.78614,0.99908,1,0.995,0.99419,0.17384,0.1093,0.76602,0.00010193,0.00010193,0.00010193
1672,14616.7,0.28422,0.1593,0.77682,0.99909,1,0.995,0.99429,0.17406,0.10899,0.76605,0.000101639,0.000101639,0.000101639
1673,14624.3,0.27982,0.15863,0.77531,0.9991,1,0.995,0.99425,0.17408,0.10887,0.76606,0.000101348,0.000101348,0.000101348
1674,14632.7,0.25613,0.14915,0.77985,0.99911,1,0.995,0.99419,0.1739,0.10871,0.76598,0.000101057,0.000101057,0.000101057
1675,14639.9,0.29978,0.16603,0.77717,0.99911,1,0.995,0.99417,0.17377,0.10871,0.76598,0.000100766,0.000100766,0.000100766
1676,14648.5,0.25771,0.15197,0.77541,0.99911,1,0.995,0.99418,0.17392,0.10891,0.76598,0.000100474,0.000100474,0.000100474
1677,14656.9,0.26895,0.15711,0.76995,0.99912,1,0.995,0.99418,0.17378,0.10876,0.76599,0.000100183,0.000100183,0.000100183
1678,14664.7,0.27622,0.15463,0.78573,0.99912,1,0.995,0.99418,0.17391,0.1088,0.766,9.98924e-05,9.98924e-05,9.98924e-05
1679,14673.4,0.26615,0.1528,0.77607,0.99911,1,0.995,0.99415,0.17429,0.10877,0.76607,9.96013e-05,9.96013e-05,9.96013e-05
1680,14680.7,0.27685,0.15837,0.77659,0.9991,1,0.995,0.99412,0.17445,0.10894,0.76614,9.93103e-05,9.93103e-05,9.93103e-05
1681,14690.5,0.26844,0.15363,0.77932,0.99909,1,0.995,0.99409,0.17472,0.10905,0.76616,9.90192e-05,9.90192e-05,9.90192e-05
1682,14699.3,0.29413,0.16288,0.7864,0.99909,1,0.995,0.99409,0.17469,0.10919,0.7662,9.87281e-05,9.87281e-05,9.87281e-05
1683,14707.2,0.26054,0.15331,0.78129,0.99909,1,0.995,0.99403,0.17438,0.10903,0.76619,9.84371e-05,9.84371e-05,9.84371e-05
1684,14717,0.24204,0.14361,0.77485,0.99909,1,0.995,0.99405,0.17435,0.10894,0.76618,9.8146e-05,9.8146e-05,9.8146e-05
1685,14726.8,0.25322,0.14956,0.77946,0.99905,1,0.995,0.99408,0.174,0.10921,0.76615,9.7855e-05,9.7855e-05,9.7855e-05
1686,14735.3,0.33182,0.17719,0.77124,0.99909,1,0.995,0.99404,0.17438,0.10951,0.76618,9.75639e-05,9.75639e-05,9.75639e-05
1687,14744.2,0.2674,0.15215,0.7788,0.99905,1,0.995,0.99404,0.17465,0.10925,0.76618,9.72728e-05,9.72728e-05,9.72728e-05
1688,14752.2,0.27148,0.15216,0.79541,0.99929,1,0.995,0.994,0.1744,0.10921,0.76611,9.69818e-05,9.69818e-05,9.69818e-05
1689,14760.8,0.27822,0.1864,0.78817,0.99929,1,0.995,0.99404,0.17439,0.10913,0.76612,9.66907e-05,9.66907e-05,9.66907e-05
1690,14769.1,0.25236,0.14696,0.77948,0.9993,1,0.995,0.99408,0.17457,0.10907,0.7661,9.63997e-05,9.63997e-05,9.63997e-05
1691,14778,0.26301,0.15424,0.77358,0.9993,1,0.995,0.99403,0.17496,0.10882,0.76612,9.61086e-05,9.61086e-05,9.61086e-05
1692,14786,0.25945,0.15016,0.77372,0.99929,1,0.995,0.99399,0.17513,0.10869,0.76617,9.58175e-05,9.58175e-05,9.58175e-05
1693,14794.6,0.25059,0.14821,0.76878,0.99929,1,0.995,0.99413,0.17508,0.10853,0.7662,9.55265e-05,9.55265e-05,9.55265e-05
1694,14802.5,0.29052,0.16325,0.77917,0.99929,1,0.995,0.99413,0.17575,0.10879,0.76623,9.52354e-05,9.52354e-05,9.52354e-05
1695,14810.9,0.26579,0.15539,0.78188,0.99929,1,0.995,0.99415,0.17571,0.10875,0.76621,9.49444e-05,9.49444e-05,9.49444e-05
1696,14819.9,0.25929,0.14869,0.7829,0.99929,1,0.995,0.99417,0.17508,0.10861,0.76616,9.46533e-05,9.46533e-05,9.46533e-05
1697,14828.7,0.27851,0.15648,0.77679,0.99929,1,0.995,0.99428,0.17504,0.10891,0.76614,9.43622e-05,9.43622e-05,9.43622e-05
1698,14837.8,0.2637,0.15215,0.77911,0.99929,1,0.995,0.99434,0.1745,0.10885,0.76614,9.40712e-05,9.40712e-05,9.40712e-05
1699,14846.1,0.29134,0.16298,0.77715,0.99928,1,0.995,0.9943,0.17442,0.10896,0.76606,9.37801e-05,9.37801e-05,9.37801e-05
1700,14855.7,0.26446,0.1524,0.77859,0.99927,1,0.995,0.99428,0.17442,0.10888,0.76604,9.34891e-05,9.34891e-05,9.34891e-05
1701,14864.5,0.25592,0.14937,0.7756,0.99927,1,0.995,0.99433,0.17445,0.10861,0.76599,9.3198e-05,9.3198e-05,9.3198e-05
1702,14873,0.26046,0.15126,0.77905,0.99928,1,0.995,0.99433,0.17417,0.10835,0.76597,9.29069e-05,9.29069e-05,9.29069e-05
1703,14881.7,0.26795,0.15316,0.77584,0.99928,1,0.995,0.99437,0.17451,0.1085,0.76598,9.26159e-05,9.26159e-05,9.26159e-05
1704,14891.9,0.28048,0.15177,0.79134,0.99929,1,0.995,0.99432,0.17488,0.1087,0.76598,9.23248e-05,9.23248e-05,9.23248e-05
1705,14900.6,0.26809,0.15685,0.7768,0.99929,1,0.995,0.99428,0.17479,0.1088,0.766,9.20338e-05,9.20338e-05,9.20338e-05
1706,14909.6,0.25823,0.14981,0.78272,0.99929,1,0.995,0.99432,0.17426,0.10854,0.76595,9.17427e-05,9.17427e-05,9.17427e-05
1707,14917,0.26653,0.15489,0.77653,0.9993,1,0.995,0.99438,0.17423,0.10831,0.76596,9.14516e-05,9.14516e-05,9.14516e-05
1708,14926.3,0.26824,0.15164,0.77682,0.9993,1,0.995,0.99445,0.17373,0.10791,0.76592,9.11606e-05,9.11606e-05,9.11606e-05
1709,14934.8,0.27034,0.15386,0.77821,0.99929,1,0.995,0.99439,0.17372,0.1081,0.7659,9.08695e-05,9.08695e-05,9.08695e-05
1710,14945.2,0.25245,0.1453,0.77555,0.99929,1,0.995,0.99439,0.17364,0.10785,0.7659,9.05785e-05,9.05785e-05,9.05785e-05
1711,14953.7,0.25428,0.14537,0.77756,0.99929,1,0.995,0.99437,0.17345,0.10774,0.76585,9.02874e-05,9.02874e-05,9.02874e-05
1712,14963.2,0.26116,0.15041,0.7747,0.99911,1,0.995,0.99428,0.1738,0.10785,0.76586,8.99963e-05,8.99963e-05,8.99963e-05
1713,14971.8,0.28763,0.15499,0.80294,0.99912,1,0.995,0.99428,0.17387,0.10779,0.76588,8.97053e-05,8.97053e-05,8.97053e-05
1714,14981.2,0.25437,0.14756,0.77768,0.99912,1,0.995,0.99412,0.17431,0.10759,0.76591,8.94142e-05,8.94142e-05,8.94142e-05
1715,14990.5,0.23922,0.14129,0.77586,0.99912,1,0.995,0.99412,0.17439,0.10745,0.7659,8.91232e-05,8.91232e-05,8.91232e-05
1716,14999,0.25694,0.14743,0.78379,0.99908,1,0.995,0.99417,0.17419,0.10729,0.76588,8.88321e-05,8.88321e-05,8.88321e-05
1717,15008,0.27226,0.15079,0.79145,0.99908,1,0.995,0.99415,0.17394,0.10729,0.76588,8.8541e-05,8.8541e-05,8.8541e-05
1718,15016.8,0.24255,0.14338,0.77613,0.99913,1,0.995,0.99417,0.17377,0.10726,0.76588,8.825e-05,8.825e-05,8.825e-05
1719,15026.1,0.24625,0.14406,0.77686,0.99914,1,0.995,0.99422,0.17336,0.10741,0.76591,8.79589e-05,8.79589e-05,8.79589e-05
1720,15034.3,0.27719,0.15418,0.78612,0.9991,1,0.995,0.99407,0.17358,0.1076,0.76594,8.76679e-05,8.76679e-05,8.76679e-05
1721,15043.9,0.26057,0.14704,0.77336,0.9991,1,0.995,0.99405,0.17309,0.10726,0.76591,8.73768e-05,8.73768e-05,8.73768e-05
1722,15052.5,0.24271,0.14258,0.78219,0.9991,1,0.995,0.99405,0.17317,0.10734,0.76595,8.70857e-05,8.70857e-05,8.70857e-05
1723,15061.7,0.25951,0.14854,0.77664,0.99914,1,0.995,0.99417,0.17303,0.10713,0.766,8.67947e-05,8.67947e-05,8.67947e-05
1724,15070.8,0.25788,0.14746,0.78398,0.99915,1,0.995,0.99417,0.17258,0.10706,0.76601,8.65036e-05,8.65036e-05,8.65036e-05
1725,15078.9,0.25647,0.14928,0.73959,0.99916,1,0.995,0.99409,0.17252,0.10697,0.76605,8.62126e-05,8.62126e-05,8.62126e-05
1726,15087.6,0.27583,0.15896,0.78174,0.99917,1,0.995,0.994,0.17262,0.10713,0.76607,8.59215e-05,8.59215e-05,8.59215e-05
1727,15095.3,0.25942,0.14995,0.77968,0.99917,1,0.995,0.99399,0.17285,0.10709,0.76608,8.56304e-05,8.56304e-05,8.56304e-05
1728,15103.4,0.25711,0.15357,0.77523,0.99917,1,0.995,0.9941,0.1727,0.10687,0.76608,8.53394e-05,8.53394e-05,8.53394e-05
1729,15111.2,0.2539,0.14735,0.77455,0.99917,1,0.995,0.99411,0.17283,0.10695,0.76609,8.50483e-05,8.50483e-05,8.50483e-05
1730,15120.4,0.2561,0.1455,0.77357,0.99917,1,0.995,0.99408,0.1728,0.10723,0.7661,8.47573e-05,8.47573e-05,8.47573e-05
1731,15129.3,0.24958,0.14561,0.77563,0.99917,1,0.995,0.99415,0.17294,0.1074,0.76613,8.44662e-05,8.44662e-05,8.44662e-05
1732,15138,0.25977,0.15472,0.78239,0.99917,1,0.995,0.99416,0.17306,0.10745,0.76616,8.41751e-05,8.41751e-05,8.41751e-05
1733,15146.1,0.25621,0.14621,0.77836,0.99916,1,0.995,0.99416,0.17305,0.1075,0.76619,8.38841e-05,8.38841e-05,8.38841e-05
1734,15154.5,0.26024,0.15,0.77887,0.99916,1,0.995,0.99407,0.17318,0.10758,0.76625,8.3593e-05,8.3593e-05,8.3593e-05
1735,15165.6,0.23865,0.14162,0.77782,0.99911,1,0.995,0.99414,0.17305,0.10747,0.76623,8.3302e-05,8.3302e-05,8.3302e-05
1736,15174.1,0.26334,0.14943,0.78871,0.99912,1,0.995,0.99422,0.17273,0.10752,0.76625,8.30109e-05,8.30109e-05,8.30109e-05
1737,15183.1,0.25346,0.14763,0.7795,0.99912,1,0.995,0.99424,0.1725,0.10746,0.76628,8.27198e-05,8.27198e-05,8.27198e-05
1738,15191.1,0.26831,0.15336,0.78108,0.99912,1,0.995,0.99427,0.17255,0.10738,0.76623,8.24288e-05,8.24288e-05,8.24288e-05
1739,15199.9,0.27124,0.15329,0.78763,0.99913,1,0.995,0.9943,0.17229,0.10741,0.76621,8.21377e-05,8.21377e-05,8.21377e-05
1740,15208.4,0.2395,0.14241,0.79179,0.99913,1,0.995,0.99429,0.17236,0.10746,0.76622,8.18467e-05,8.18467e-05,8.18467e-05
1741,15217.8,0.24273,0.14137,0.77421,0.99895,1,0.995,0.9943,0.17246,0.10752,0.76623,8.15556e-05,8.15556e-05,8.15556e-05
1742,15226.1,0.268,0.15342,0.77238,0.99895,1,0.995,0.9943,0.17226,0.10728,0.76619,8.12645e-05,8.12645e-05,8.12645e-05
1743,15234.1,0.25501,0.14637,0.77547,0.99896,1,0.995,0.9943,0.17191,0.1072,0.7662,8.09735e-05,8.09735e-05,8.09735e-05
1744,15242.8,0.2422,0.1431,0.77147,0.99897,1,0.995,0.99431,0.17181,0.10764,0.76619,8.06824e-05,8.06824e-05,8.06824e-05
1745,15250.4,0.2773,0.15735,0.77645,0.99911,1,0.995,0.99432,0.17168,0.1075,0.76616,8.03914e-05,8.03914e-05,8.03914e-05
1746,15259.2,0.26138,0.15309,0.78018,0.99911,1,0.995,0.99428,0.17213,0.10736,0.76618,8.01003e-05,8.01003e-05,8.01003e-05
1747,15266.1,0.241,0.14404,0.775,0.99912,1,0.995,0.99432,0.17237,0.10741,0.76618,7.98092e-05,7.98092e-05,7.98092e-05
1748,15273.8,0.2538,0.14652,0.77797,0.99915,1,0.995,0.99431,0.17206,0.10736,0.76614,7.95182e-05,7.95182e-05,7.95182e-05
1749,15281.1,0.29846,0.17237,0.79304,0.99915,1,0.995,0.99427,0.1719,0.10712,0.76614,7.92271e-05,7.92271e-05,7.92271e-05
1750,15289.1,0.29783,0.16227,0.78291,0.99915,1,0.995,0.99425,0.17206,0.10703,0.76615,7.89361e-05,7.89361e-05,7.89361e-05
1751,15297.6,0.26029,0.15179,0.7787,0.99914,1,0.995,0.99425,0.17198,0.10707,0.76619,7.8645e-05,7.8645e-05,7.8645e-05
1752,15306.2,0.25515,0.14827,0.78209,0.99934,1,0.995,0.99425,0.17184,0.10687,0.7662,7.83539e-05,7.83539e-05,7.83539e-05
1753,15314.9,0.25373,0.14725,0.76816,0.9993,1,0.995,0.99425,0.17208,0.10658,0.76627,7.80629e-05,7.80629e-05,7.80629e-05
1754,15323,0.25731,0.15015,0.783,0.99934,1,0.995,0.99424,0.1719,0.10628,0.76628,7.77718e-05,7.77718e-05,7.77718e-05
1755,15331.9,0.23152,0.13934,0.78332,0.99934,1,0.995,0.99422,0.17188,0.10633,0.7663,7.74808e-05,7.74808e-05,7.74808e-05
1756,15340,0.26376,0.15269,0.78183,0.99929,1,0.995,0.99415,0.17143,0.10606,0.76624,7.71897e-05,7.71897e-05,7.71897e-05
1757,15348.1,0.29184,0.15745,0.7857,0.99928,1,0.995,0.99414,0.17175,0.10602,0.76629,7.68986e-05,7.68986e-05,7.68986e-05
1758,15357.9,0.26211,0.15209,0.78764,0.99927,1,0.995,0.9942,0.1712,0.10599,0.76624,7.66076e-05,7.66076e-05,7.66076e-05
1759,15366.8,0.27615,0.15314,0.79308,0.99927,1,0.995,0.99415,0.17137,0.10618,0.76626,7.63165e-05,7.63165e-05,7.63165e-05
1760,15375.9,0.27268,0.15165,0.76973,0.99928,1,0.995,0.99414,0.17099,0.10634,0.76625,7.60255e-05,7.60255e-05,7.60255e-05
1761,15384.5,0.27349,0.15305,0.78657,0.99928,1,0.995,0.99424,0.17083,0.10651,0.76622,7.57344e-05,7.57344e-05,7.57344e-05
1762,15395.6,0.22712,0.1417,0.73915,0.99928,1,0.995,0.99425,0.17039,0.10615,0.76613,7.54433e-05,7.54433e-05,7.54433e-05
1763,15405.1,0.24972,0.14308,0.78185,0.99928,1,0.995,0.99422,0.17054,0.10603,0.76614,7.51523e-05,7.51523e-05,7.51523e-05
1764,15414.6,0.24916,0.14785,0.77666,0.99928,1,0.995,0.99444,0.17043,0.10597,0.76609,7.48612e-05,7.48612e-05,7.48612e-05
1765,15422.1,0.27633,0.15307,0.79049,0.99928,1,0.995,0.99429,0.17066,0.10609,0.76611,7.45702e-05,7.45702e-05,7.45702e-05
1766,15431.3,0.24425,0.14481,0.7808,0.99928,1,0.995,0.99427,0.17063,0.10612,0.76608,7.42791e-05,7.42791e-05,7.42791e-05
1767,15439.4,0.24778,0.14674,0.77692,0.99928,1,0.995,0.99424,0.17067,0.10599,0.76607,7.3988e-05,7.3988e-05,7.3988e-05
1768,15448.8,0.26701,0.14928,0.77803,0.99928,1,0.995,0.99424,0.17036,0.10579,0.76606,7.3697e-05,7.3697e-05,7.3697e-05
1769,15460.3,0.23539,0.13923,0.77836,0.99928,1,0.995,0.99424,0.17016,0.10575,0.76608,7.34059e-05,7.34059e-05,7.34059e-05
1770,15469.1,0.23982,0.14067,0.77916,0.99927,1,0.995,0.99428,0.16995,0.10579,0.76606,7.31149e-05,7.31149e-05,7.31149e-05
1771,15478.4,0.25038,0.15252,0.7782,0.99927,1,0.995,0.99429,0.16964,0.10566,0.76603,7.28238e-05,7.28238e-05,7.28238e-05
1772,15488.4,0.24544,0.14229,0.77954,0.99928,1,0.995,0.99434,0.16946,0.10556,0.76606,7.25327e-05,7.25327e-05,7.25327e-05
1773,15498.5,0.24111,0.1388,0.78347,0.99928,1,0.995,0.99437,0.16934,0.10544,0.76607,7.22417e-05,7.22417e-05,7.22417e-05
1774,15506.6,0.26895,0.15133,0.7759,0.99928,1,0.995,0.99445,0.16921,0.10556,0.76612,7.19506e-05,7.19506e-05,7.19506e-05
1775,15514.7,0.25642,0.15199,0.78306,0.99928,1,0.995,0.99441,0.16888,0.10552,0.7661,7.16596e-05,7.16596e-05,7.16596e-05
1776,15523.9,0.2571,0.14581,0.78055,0.99928,1,0.995,0.99445,0.16876,0.10538,0.76607,7.13685e-05,7.13685e-05,7.13685e-05
1777,15532.7,0.29016,0.16172,0.79381,0.99928,1,0.995,0.99447,0.16852,0.10539,0.76609,7.10774e-05,7.10774e-05,7.10774e-05
1778,15540.8,0.26382,0.1498,0.77538,0.99928,1,0.995,0.99447,0.16862,0.10549,0.76607,7.07864e-05,7.07864e-05,7.07864e-05
1779,15550.8,0.25206,0.1498,0.77439,0.99928,1,0.995,0.99447,0.16849,0.10541,0.76607,7.04953e-05,7.04953e-05,7.04953e-05
1780,15560,0.23913,0.14008,0.7811,0.99929,1,0.995,0.99446,0.16846,0.1054,0.76602,7.02043e-05,7.02043e-05,7.02043e-05
1781,15570.2,0.22611,0.13656,0.78075,0.99929,1,0.995,0.99444,0.16842,0.10532,0.76598,6.99132e-05,6.99132e-05,6.99132e-05
1782,15578.2,0.25991,0.14461,0.78169,0.99929,1,0.995,0.99444,0.16824,0.10514,0.76594,6.96221e-05,6.96221e-05,6.96221e-05
1783,15586.3,0.25734,0.14781,0.78125,0.99929,1,0.995,0.99443,0.16808,0.10507,0.76588,6.93311e-05,6.93311e-05,6.93311e-05
1784,15593.8,0.25994,0.14979,0.78037,0.9993,1,0.995,0.99446,0.1678,0.10495,0.76585,6.904e-05,6.904e-05,6.904e-05
1785,15604.2,0.24251,0.14027,0.78221,0.9993,1,0.995,0.99444,0.16771,0.10497,0.76592,6.8749e-05,6.8749e-05,6.8749e-05
1786,15612.1,0.24999,0.14771,0.78275,0.9993,1,0.995,0.99451,0.16757,0.10488,0.76594,6.84579e-05,6.84579e-05,6.84579e-05
1787,15621.3,0.25508,0.15259,0.77522,0.9993,1,0.995,0.99451,0.16747,0.10466,0.76595,6.81668e-05,6.81668e-05,6.81668e-05
1788,15630.9,0.25445,0.14461,0.77675,0.9993,1,0.995,0.99443,0.16726,0.10448,0.76599,6.78758e-05,6.78758e-05,6.78758e-05
1789,15639.8,0.26003,0.14947,0.78647,0.9993,1,0.995,0.99441,0.16701,0.10429,0.76602,6.75847e-05,6.75847e-05,6.75847e-05
1790,15649.8,0.24356,0.14125,0.77637,0.99931,1,0.995,0.99441,0.16672,0.1042,0.76601,6.72937e-05,6.72937e-05,6.72937e-05
1791,15656.5,0.2699,0.15272,0.78518,0.99931,1,0.995,0.99442,0.16662,0.1042,0.766,6.70026e-05,6.70026e-05,6.70026e-05
1792,15664.5,0.24034,0.14208,0.77517,0.99931,1,0.995,0.99442,0.16651,0.10425,0.76597,6.67115e-05,6.67115e-05,6.67115e-05
1793,15672.2,0.25662,0.14931,0.77093,0.99931,1,0.995,0.99445,0.16672,0.10421,0.76599,6.64205e-05,6.64205e-05,6.64205e-05
1794,15681.3,0.26464,0.15467,0.78596,0.99932,1,0.995,0.99445,0.16684,0.10423,0.76601,6.61294e-05,6.61294e-05,6.61294e-05
1795,15690.7,0.28392,0.15999,0.80345,0.99932,1,0.995,0.99445,0.16704,0.10436,0.76596,6.58384e-05,6.58384e-05,6.58384e-05
1796,15700.8,0.24168,0.14132,0.78634,0.99933,1,0.995,0.99446,0.1671,0.1044,0.76594,6.55473e-05,6.55473e-05,6.55473e-05
1797,15710.5,0.24248,0.14363,0.79085,0.99933,1,0.995,0.99441,0.16728,0.10462,0.76592,6.52562e-05,6.52562e-05,6.52562e-05
1798,15718.6,0.25979,0.1489,0.77794,0.99937,1,0.995,0.99441,0.16733,0.1046,0.76583,6.49652e-05,6.49652e-05,6.49652e-05
1799,15729.7,0.22563,0.13261,0.78335,0.99933,1,0.995,0.99433,0.16753,0.10483,0.76579,6.46741e-05,6.46741e-05,6.46741e-05
1800,15738.7,0.25763,0.14549,0.77992,0.99933,1,0.995,0.99435,0.16735,0.10487,0.7658,6.43831e-05,6.43831e-05,6.43831e-05
1801,15747.2,0.25786,0.14478,0.77822,0.99933,1,0.995,0.9943,0.1673,0.1049,0.76579,6.4092e-05,6.4092e-05,6.4092e-05
1802,15754.5,0.27003,0.15053,0.78115,0.99934,1,0.995,0.99427,0.16702,0.10475,0.7657,6.38009e-05,6.38009e-05,6.38009e-05
1803,15764.6,0.23288,0.13634,0.76621,0.99934,1,0.995,0.99431,0.16686,0.10459,0.76568,6.35099e-05,6.35099e-05,6.35099e-05
1804,15773.1,0.27565,0.15483,0.77145,0.99933,1,0.995,0.99436,0.16667,0.10451,0.76567,6.32188e-05,6.32188e-05,6.32188e-05
1805,15782.8,0.24358,0.14188,0.78329,0.99933,1,0.995,0.99434,0.16625,0.1044,0.76564,6.29278e-05,6.29278e-05,6.29278e-05
1806,15791.3,0.25376,0.14585,0.77362,0.99934,1,0.995,0.99434,0.16605,0.10425,0.76567,6.26367e-05,6.26367e-05,6.26367e-05
1807,15799.2,0.24685,0.14353,0.77257,0.99934,1,0.995,0.99434,0.16583,0.10407,0.76572,6.23456e-05,6.23456e-05,6.23456e-05
1808,15808.6,0.24551,0.14308,0.76882,0.99934,1,0.995,0.99434,0.16586,0.10409,0.76575,6.20546e-05,6.20546e-05,6.20546e-05
1809,15818.4,0.23915,0.1407,0.77476,0.99934,1,0.995,0.99431,0.16566,0.10412,0.76576,6.17635e-05,6.17635e-05,6.17635e-05
1810,15828.1,0.23531,0.1387,0.77885,0.99934,1,0.995,0.99431,0.16549,0.10405,0.76576,6.14725e-05,6.14725e-05,6.14725e-05
1811,15838,0.23243,0.13909,0.77485,0.99934,1,0.995,0.9943,0.16523,0.10379,0.76573,6.11814e-05,6.11814e-05,6.11814e-05
1812,15847.6,0.32319,0.19919,0.79549,0.99934,1,0.995,0.9943,0.16512,0.10378,0.76575,6.08903e-05,6.08903e-05,6.08903e-05
1813,15856.5,0.26555,0.15139,0.78043,0.99934,1,0.995,0.9943,0.16527,0.10379,0.76575,6.05993e-05,6.05993e-05,6.05993e-05
1814,15863.5,0.254,0.15093,0.7734,0.99934,1,0.995,0.99428,0.1649,0.10356,0.76574,6.03082e-05,6.03082e-05,6.03082e-05
1815,15871.9,0.24716,0.14462,0.78053,0.99934,1,0.995,0.99424,0.16507,0.10353,0.76576,6.00172e-05,6.00172e-05,6.00172e-05
1816,15881.2,0.23312,0.13784,0.78539,0.99934,1,0.995,0.99423,0.16512,0.10345,0.76582,5.97261e-05,5.97261e-05,5.97261e-05
1817,15890.6,0.23721,0.13557,0.77766,0.99934,1,0.995,0.99423,0.16516,0.10349,0.76582,5.9435e-05,5.9435e-05,5.9435e-05
1818,15899.6,0.2898,0.15764,0.7824,0.99934,1,0.995,0.99423,0.16525,0.10348,0.76582,5.9144e-05,5.9144e-05,5.9144e-05
1819,15908.3,0.23559,0.13954,0.78208,0.99935,1,0.995,0.99427,0.1652,0.10349,0.76581,5.88529e-05,5.88529e-05,5.88529e-05
1820,15917.8,0.25064,0.14613,0.77926,0.99935,1,0.995,0.99431,0.16534,0.10363,0.76577,5.85619e-05,5.85619e-05,5.85619e-05
1821,15925.1,0.26889,0.15496,0.77329,0.99935,1,0.995,0.99435,0.16519,0.10373,0.76576,5.82708e-05,5.82708e-05,5.82708e-05
1822,15933.8,0.25651,0.1481,0.7735,0.99935,1,0.995,0.99437,0.16526,0.10386,0.76575,5.79797e-05,5.79797e-05,5.79797e-05
1823,15943.4,0.23791,0.13932,0.77861,0.99934,1,0.995,0.99435,0.16526,0.10383,0.76574,5.76887e-05,5.76887e-05,5.76887e-05
1824,15952.5,0.25838,0.14363,0.78009,0.99935,1,0.995,0.99436,0.16541,0.10379,0.76574,5.73976e-05,5.73976e-05,5.73976e-05
1825,15962.6,0.21868,0.13128,0.77865,0.99935,1,0.995,0.99435,0.16529,0.10372,0.76574,5.71066e-05,5.71066e-05,5.71066e-05
1826,15970.5,0.26632,0.15072,0.77635,0.99936,1,0.995,0.99439,0.16525,0.10364,0.76572,5.68155e-05,5.68155e-05,5.68155e-05
1827,15980.5,0.23568,0.13739,0.78475,0.99936,1,0.995,0.99446,0.16515,0.10355,0.76573,5.65244e-05,5.65244e-05,5.65244e-05
1828,15990.6,0.24054,0.13918,0.7811,0.99936,1,0.995,0.99449,0.16528,0.10353,0.76576,5.62334e-05,5.62334e-05,5.62334e-05
1829,16000.5,0.24285,0.14502,0.78676,0.99936,1,0.995,0.99449,0.16537,0.10359,0.76576,5.59423e-05,5.59423e-05,5.59423e-05
1830,16009.1,0.24009,0.14017,0.77148,0.99936,1,0.995,0.99449,0.16542,0.10377,0.76575,5.56513e-05,5.56513e-05,5.56513e-05
1831,16017,0.24293,0.14345,0.78066,0.99936,1,0.995,0.99449,0.16545,0.1037,0.76575,5.53602e-05,5.53602e-05,5.53602e-05
1832,16025.1,0.25713,0.14794,0.77798,0.99937,1,0.995,0.99453,0.16532,0.10362,0.76574,5.50691e-05,5.50691e-05,5.50691e-05
1833,16034.1,0.22733,0.13584,0.77907,0.99937,1,0.995,0.99453,0.16535,0.10351,0.76576,5.47781e-05,5.47781e-05,5.47781e-05
1834,16043.8,0.22726,0.13317,0.7369,0.99937,1,0.995,0.99455,0.16503,0.1035,0.76574,5.4487e-05,5.4487e-05,5.4487e-05
1835,16053.4,0.24671,0.14358,0.77848,0.99941,1,0.995,0.99455,0.16509,0.10349,0.76571,5.4196e-05,5.4196e-05,5.4196e-05
1836,16062.8,0.26482,0.14938,0.77817,0.9994,1,0.995,0.9945,0.16498,0.10325,0.76572,5.39049e-05,5.39049e-05,5.39049e-05
1837,16070.7,0.27408,0.15165,0.77829,0.9994,1,0.995,0.9945,0.16498,0.10317,0.76571,5.36138e-05,5.36138e-05,5.36138e-05
1838,16078.9,0.25568,0.14684,0.78134,0.9994,1,0.995,0.99448,0.165,0.10318,0.76571,5.33228e-05,5.33228e-05,5.33228e-05
1839,16089.6,0.23262,0.13452,0.77599,0.9994,1,0.995,0.99448,0.16483,0.10304,0.76569,5.30317e-05,5.30317e-05,5.30317e-05
1840,16098.3,0.26022,0.14223,0.79101,0.9994,1,0.995,0.99448,0.16493,0.10308,0.76566,5.27407e-05,5.27407e-05,5.27407e-05
1841,16107.7,0.24723,0.14707,0.77998,0.9994,1,0.995,0.99449,0.16464,0.10295,0.76562,5.24496e-05,5.24496e-05,5.24496e-05
1842,16115.5,0.23261,0.14366,0.77566,0.9994,1,0.995,0.99443,0.16468,0.10281,0.7656,5.21585e-05,5.21585e-05,5.21585e-05
1843,16122.6,0.25657,0.14785,0.76988,0.99939,1,0.995,0.99445,0.16471,0.10268,0.76557,5.18675e-05,5.18675e-05,5.18675e-05
1844,16133.4,0.23254,0.13588,0.78505,0.9994,1,0.995,0.99443,0.16491,0.10269,0.76559,5.15764e-05,5.15764e-05,5.15764e-05
1845,16141.4,0.24632,0.14198,0.75706,0.9994,1,0.995,0.99445,0.16477,0.10261,0.76557,5.12854e-05,5.12854e-05,5.12854e-05
1846,16151.1,0.23209,0.13545,0.78487,0.99939,1,0.995,0.99443,0.16478,0.10267,0.76557,5.09943e-05,5.09943e-05,5.09943e-05
1847,16159.3,0.25035,0.14099,0.77413,0.99935,1,0.995,0.99443,0.16469,0.10251,0.76558,5.07032e-05,5.07032e-05,5.07032e-05
1848,16168.3,0.24293,0.13992,0.77376,0.99934,1,0.995,0.9944,0.16461,0.10231,0.76556,5.04122e-05,5.04122e-05,5.04122e-05
1849,16178.6,0.23429,0.13636,0.77644,0.99935,1,0.995,0.99446,0.16455,0.10241,0.76553,5.01211e-05,5.01211e-05,5.01211e-05
1850,16186.3,0.23727,0.13949,0.76461,0.99917,1,0.995,0.99444,0.16433,0.10257,0.7655,4.98301e-05,4.98301e-05,4.98301e-05
1851,16197.2,0.24604,0.14256,0.77878,0.99917,1,0.995,0.99445,0.16412,0.10267,0.76549,4.9539e-05,4.9539e-05,4.9539e-05
1852,16207,0.24134,0.1414,0.77958,0.99917,1,0.995,0.99443,0.16396,0.10279,0.76549,4.92479e-05,4.92479e-05,4.92479e-05
1853,16215.9,0.26436,0.15079,0.77847,0.99918,1,0.995,0.99438,0.16395,0.10279,0.76548,4.89569e-05,4.89569e-05,4.89569e-05
1854,16224.7,0.2274,0.13289,0.77964,0.99918,1,0.995,0.99433,0.1641,0.10263,0.76547,4.86658e-05,4.86658e-05,4.86658e-05
1855,16233.4,0.2302,0.13893,0.7799,0.99918,1,0.995,0.99438,0.16432,0.10258,0.76546,4.83748e-05,4.83748e-05,4.83748e-05
1856,16241.8,0.23073,0.13731,0.77922,0.99918,1,0.995,0.99444,0.16447,0.10258,0.76546,4.80837e-05,4.80837e-05,4.80837e-05
1857,16250.3,0.26063,0.14709,0.78671,0.99917,1,0.995,0.99444,0.16433,0.10247,0.76546,4.77926e-05,4.77926e-05,4.77926e-05
1858,16259.3,0.22451,0.13436,0.77965,0.99934,1,0.995,0.99444,0.16439,0.10254,0.76547,4.75016e-05,4.75016e-05,4.75016e-05
1859,16268.3,0.23656,0.13888,0.78044,0.99934,1,0.995,0.99444,0.16428,0.1026,0.76549,4.72105e-05,4.72105e-05,4.72105e-05
1860,16277.5,0.27003,0.15152,0.78458,0.99915,1,0.995,0.99444,0.16434,0.10266,0.76547,4.69195e-05,4.69195e-05,4.69195e-05
1861,16285.7,0.2501,0.14277,0.77878,0.99915,1,0.995,0.99444,0.16443,0.10257,0.76548,4.66284e-05,4.66284e-05,4.66284e-05
1862,16293.3,0.26386,0.14841,0.77023,0.99915,1,0.995,0.9944,0.16435,0.10245,0.76548,4.63373e-05,4.63373e-05,4.63373e-05
1863,16303.6,0.24442,0.14224,0.77348,0.99915,1,0.995,0.99439,0.16442,0.10253,0.76549,4.60463e-05,4.60463e-05,4.60463e-05
1864,16313.6,0.24253,0.14071,0.77591,0.99915,1,0.995,0.99437,0.16433,0.10243,0.7655,4.57552e-05,4.57552e-05,4.57552e-05
1865,16322.2,0.24657,0.14099,0.77619,0.99915,1,0.995,0.99447,0.1644,0.10244,0.76551,4.54642e-05,4.54642e-05,4.54642e-05
1866,16330.8,0.23418,0.14035,0.77847,0.99915,1,0.995,0.99447,0.16408,0.10227,0.76548,4.51731e-05,4.51731e-05,4.51731e-05
1867,16341,0.21559,0.1294,0.77684,0.99916,1,0.995,0.9944,0.16392,0.10228,0.76547,4.4882e-05,4.4882e-05,4.4882e-05
1868,16350.1,0.23463,0.13674,0.76832,0.99917,1,0.995,0.9944,0.16379,0.10223,0.76546,4.4591e-05,4.4591e-05,4.4591e-05
1869,16358.5,0.279,0.1548,0.77683,0.99917,1,0.995,0.9944,0.16349,0.10215,0.76545,4.42999e-05,4.42999e-05,4.42999e-05
1870,16367.9,0.24357,0.1397,0.77701,0.99918,1,0.995,0.9944,0.16354,0.10218,0.76546,4.40089e-05,4.40089e-05,4.40089e-05
1871,16375.9,0.23629,0.13912,0.7331,0.99918,1,0.995,0.99446,0.16342,0.10224,0.76543,4.37178e-05,4.37178e-05,4.37178e-05
1872,16383.4,0.24881,0.14345,0.77679,0.99918,1,0.995,0.99456,0.16343,0.10219,0.76542,4.34267e-05,4.34267e-05,4.34267e-05
1873,16392.2,0.24377,0.1405,0.78372,0.99918,1,0.995,0.9946,0.1633,0.10211,0.7654,4.31357e-05,4.31357e-05,4.31357e-05
1874,16401,0.23761,0.13715,0.78147,0.99917,1,0.995,0.9946,0.16334,0.10216,0.76541,4.28446e-05,4.28446e-05,4.28446e-05
1875,16410.9,0.24261,0.14233,0.77759,0.99917,1,0.995,0.99455,0.16327,0.10221,0.7654,4.25536e-05,4.25536e-05,4.25536e-05
1876,16419.7,0.25569,0.14838,0.77596,0.99917,1,0.995,0.9946,0.16312,0.10225,0.7654,4.22625e-05,4.22625e-05,4.22625e-05
1877,16427.7,0.24681,0.14228,0.77692,0.99917,1,0.995,0.9946,0.16297,0.10213,0.7654,4.19714e-05,4.19714e-05,4.19714e-05
1878,16437.9,0.2395,0.1395,0.77551,0.99917,1,0.995,0.99458,0.1629,0.10215,0.76539,4.16804e-05,4.16804e-05,4.16804e-05
1879,16446.3,0.22897,0.13523,0.76786,0.99917,1,0.995,0.99459,0.16262,0.10205,0.76538,4.13893e-05,4.13893e-05,4.13893e-05
1880,16455.5,0.24958,0.14356,0.7847,0.99917,1,0.995,0.99456,0.16236,0.10203,0.76536,4.10983e-05,4.10983e-05,4.10983e-05
1881,16464,0.23142,0.13464,0.73532,0.99917,1,0.995,0.99456,0.16214,0.10208,0.76535,4.08072e-05,4.08072e-05,4.08072e-05
1882,16473.1,0.24087,0.13905,0.77626,0.99916,1,0.995,0.99459,0.16186,0.10196,0.76533,4.05161e-05,4.05161e-05,4.05161e-05
1883,16482,0.27725,0.14898,0.77966,0.99916,1,0.995,0.99454,0.16179,0.10193,0.76534,4.02251e-05,4.02251e-05,4.02251e-05
1884,16491,0.23651,0.13918,0.77724,0.99915,1,0.995,0.99457,0.16144,0.10191,0.76532,3.9934e-05,3.9934e-05,3.9934e-05
1885,16500.3,0.23016,0.13612,0.77719,0.99915,1,0.995,0.99457,0.16149,0.10193,0.76534,3.9643e-05,3.9643e-05,3.9643e-05
1886,16507.5,0.25001,0.14401,0.77519,0.99915,1,0.995,0.99457,0.16143,0.10199,0.76534,3.93519e-05,3.93519e-05,3.93519e-05
1887,16516.2,0.24361,0.14243,0.78237,0.99915,1,0.995,0.99457,0.16121,0.10188,0.76532,3.90608e-05,3.90608e-05,3.90608e-05
1888,16525.3,0.23662,0.13725,0.779,0.99915,1,0.995,0.99457,0.16111,0.10185,0.76531,3.87698e-05,3.87698e-05,3.87698e-05
1889,16532.8,0.22918,0.13524,0.77049,0.99915,1,0.995,0.99457,0.1609,0.10176,0.76529,3.84787e-05,3.84787e-05,3.84787e-05
1890,16541.4,0.24494,0.14279,0.78292,0.99914,1,0.995,0.99457,0.16101,0.10177,0.7653,3.81877e-05,3.81877e-05,3.81877e-05
1891,16548.4,0.22554,0.13406,0.73697,0.99914,1,0.995,0.99457,0.16094,0.10182,0.7653,3.78966e-05,3.78966e-05,3.78966e-05
1892,16557.2,0.22461,0.13128,0.77331,0.99931,1,0.995,0.99457,0.16102,0.10194,0.76532,3.76055e-05,3.76055e-05,3.76055e-05
1893,16565.3,0.26791,0.14715,0.77871,0.99931,1,0.995,0.99462,0.16089,0.102,0.76531,3.73145e-05,3.73145e-05,3.73145e-05
1894,16573.5,0.24778,0.14206,0.77901,0.99931,1,0.995,0.99462,0.16091,0.10205,0.76528,3.70234e-05,3.70234e-05,3.70234e-05
1895,16582.7,0.23204,0.13571,0.77267,0.99931,1,0.995,0.99464,0.16099,0.10231,0.76527,3.67324e-05,3.67324e-05,3.67324e-05
1896,16591.7,0.23312,0.13651,0.77861,0.99931,1,0.995,0.99457,0.161,0.10235,0.76528,3.64413e-05,3.64413e-05,3.64413e-05
1897,16599.2,0.24488,0.14312,0.77989,0.99935,1,0.995,0.99457,0.16102,0.10226,0.76529,3.61502e-05,3.61502e-05,3.61502e-05
1898,16609.1,0.25414,0.14596,0.78112,0.99935,1,0.995,0.99457,0.16114,0.10214,0.7653,3.58592e-05,3.58592e-05,3.58592e-05
1899,16618.2,0.23755,0.14228,0.7814,0.99935,1,0.995,0.99457,0.16112,0.10193,0.7653,3.55681e-05,3.55681e-05,3.55681e-05
1900,16627.3,0.23106,0.13672,0.77106,0.99931,1,0.995,0.99458,0.16101,0.1018,0.7653,3.52771e-05,3.52771e-05,3.52771e-05
1901,16634.8,0.24696,0.14484,0.77832,0.99931,1,0.995,0.99459,0.16092,0.10167,0.76529,3.4986e-05,3.4986e-05,3.4986e-05
1902,16642.9,0.25474,0.14466,0.77711,0.99931,1,0.995,0.99459,0.1608,0.10141,0.7653,3.46949e-05,3.46949e-05,3.46949e-05
1903,16653.1,0.22943,0.13398,0.77452,0.99931,1,0.995,0.99461,0.16086,0.10133,0.76531,3.44039e-05,3.44039e-05,3.44039e-05
1904,16661.9,0.22031,0.13199,0.77493,0.99931,1,0.995,0.99461,0.16095,0.10139,0.76532,3.41128e-05,3.41128e-05,3.41128e-05
1905,16671.7,0.24628,0.14295,0.77537,0.99931,1,0.995,0.9946,0.16095,0.1014,0.76536,3.38218e-05,3.38218e-05,3.38218e-05
1906,16681.7,0.2346,0.13814,0.77464,0.99931,1,0.995,0.9946,0.1607,0.10122,0.76536,3.35307e-05,3.35307e-05,3.35307e-05
1907,16691.1,0.23562,0.13813,0.77467,0.99932,1,0.995,0.9946,0.16052,0.10105,0.76535,3.32396e-05,3.32396e-05,3.32396e-05
1908,16699.5,0.2126,0.13018,0.73814,0.99932,1,0.995,0.9946,0.16037,0.10101,0.76534,3.29486e-05,3.29486e-05,3.29486e-05
1909,16708.8,0.22491,0.13557,0.77971,0.99933,1,0.995,0.99457,0.16025,0.10111,0.76535,3.26575e-05,3.26575e-05,3.26575e-05
1910,16716.6,0.25516,0.1478,0.7744,0.99934,1,0.995,0.99457,0.16032,0.10128,0.76535,3.23665e-05,3.23665e-05,3.23665e-05
1911,16725.7,0.23335,0.13544,0.77945,0.99934,1,0.995,0.99453,0.16033,0.10137,0.76533,3.20754e-05,3.20754e-05,3.20754e-05
1912,16733.1,0.24178,0.14186,0.77947,0.99935,1,0.995,0.99459,0.16041,0.10138,0.76533,3.17843e-05,3.17843e-05,3.17843e-05
1913,16742,0.2332,0.13716,0.73889,0.99934,1,0.995,0.99452,0.16049,0.10142,0.76531,3.14933e-05,3.14933e-05,3.14933e-05
1914,16750.3,0.25967,0.14913,0.78429,0.99934,1,0.995,0.99452,0.16051,0.10141,0.7653,3.12022e-05,3.12022e-05,3.12022e-05
1915,16759.3,0.23867,0.13782,0.7753,0.99934,1,0.995,0.99452,0.16046,0.10141,0.7653,3.09112e-05,3.09112e-05,3.09112e-05
1916,16766.8,0.24369,0.13998,0.78059,0.99934,1,0.995,0.99446,0.16051,0.10138,0.76528,3.06201e-05,3.06201e-05,3.06201e-05
1917,16774.4,0.24976,0.13978,0.77495,0.99934,1,0.995,0.99446,0.16058,0.10134,0.76527,3.0329e-05,3.0329e-05,3.0329e-05
1918,16783.7,0.24476,0.1405,0.7778,0.99935,1,0.995,0.99443,0.16058,0.10132,0.76526,3.0038e-05,3.0038e-05,3.0038e-05
1919,16791.6,0.24261,0.14072,0.78065,0.99935,1,0.995,0.99446,0.16048,0.10131,0.76523,2.97469e-05,2.97469e-05,2.97469e-05
1920,16800.3,0.23968,0.13904,0.77822,0.99935,1,0.995,0.99439,0.16048,0.10134,0.76527,2.94559e-05,2.94559e-05,2.94559e-05
1921,16808.8,0.21515,0.12666,0.73352,0.99935,1,0.995,0.99439,0.16053,0.1013,0.76525,2.91648e-05,2.91648e-05,2.91648e-05
1922,16816.6,0.21633,0.18474,0.73679,0.99935,1,0.995,0.99444,0.1606,0.10138,0.76524,2.88737e-05,2.88737e-05,2.88737e-05
1923,16825.8,0.22185,0.13137,0.77441,0.99938,1,0.995,0.99444,0.16053,0.10141,0.76523,2.85827e-05,2.85827e-05,2.85827e-05
1924,16835.5,0.23402,0.13683,0.78091,0.99938,1,0.995,0.99444,0.1605,0.10138,0.76519,2.82916e-05,2.82916e-05,2.82916e-05
1925,16845.3,0.21802,0.12835,0.7792,0.99938,1,0.995,0.9944,0.16041,0.10141,0.76518,2.80006e-05,2.80006e-05,2.80006e-05
1926,16853.7,0.22895,0.13336,0.77663,0.99938,1,0.995,0.99448,0.16037,0.10137,0.76519,2.77095e-05,2.77095e-05,2.77095e-05
1927,16863.1,0.2373,0.13949,0.77267,0.99938,1,0.995,0.99446,0.16026,0.10119,0.76517,2.74184e-05,2.74184e-05,2.74184e-05
1928,16872.1,0.23574,0.13504,0.77696,0.99938,1,0.995,0.99446,0.1602,0.10108,0.76517,2.71274e-05,2.71274e-05,2.71274e-05
1929,16880.9,0.24408,0.14073,0.7748,0.99938,1,0.995,0.99439,0.16029,0.10103,0.76517,2.68363e-05,2.68363e-05,2.68363e-05
1930,16889,0.23666,0.14036,0.77689,0.99938,1,0.995,0.99439,0.16016,0.10097,0.76518,2.65453e-05,2.65453e-05,2.65453e-05
1931,16897.5,0.2412,0.1396,0.76964,0.99938,1,0.995,0.99439,0.16011,0.10098,0.76518,2.62542e-05,2.62542e-05,2.62542e-05
1932,16907,0.2267,0.13155,0.77838,0.99938,1,0.995,0.99433,0.16007,0.10098,0.76517,2.59631e-05,2.59631e-05,2.59631e-05
1933,16915.6,0.24679,0.14081,0.77715,0.99938,1,0.995,0.99433,0.15998,0.10101,0.76514,2.56721e-05,2.56721e-05,2.56721e-05
1934,16923.4,0.22154,0.1325,0.77342,0.99938,1,0.995,0.99436,0.15998,0.10103,0.76512,2.5381e-05,2.5381e-05,2.5381e-05
1935,16932.7,0.22254,0.1327,0.7699,0.99938,1,0.995,0.99436,0.16001,0.10107,0.7651,2.509e-05,2.509e-05,2.509e-05
1936,16942.4,0.24432,0.14126,0.78384,0.99938,1,0.995,0.99436,0.16,0.10108,0.76508,2.47989e-05,2.47989e-05,2.47989e-05
1937,16951.5,0.24579,0.13908,0.77746,0.99938,1,0.995,0.99436,0.15999,0.10106,0.76505,2.45078e-05,2.45078e-05,2.45078e-05
1938,16959.6,0.23264,0.13873,0.77402,0.99938,1,0.995,0.99433,0.15996,0.10098,0.76503,2.42168e-05,2.42168e-05,2.42168e-05
1939,16967.8,0.23226,0.13488,0.77809,0.99938,1,0.995,0.99433,0.15998,0.10093,0.76502,2.39257e-05,2.39257e-05,2.39257e-05
1940,16977.6,0.22939,0.12966,0.78998,0.99938,1,0.995,0.99433,0.15998,0.10094,0.76502,2.36347e-05,2.36347e-05,2.36347e-05
1941,16986.8,0.21638,0.12921,0.77671,0.99939,1,0.995,0.99435,0.15991,0.10084,0.76501,2.33436e-05,2.33436e-05,2.33436e-05
1942,16996.4,0.22447,0.13173,0.7724,0.99939,1,0.995,0.99435,0.1598,0.10089,0.76499,2.30525e-05,2.30525e-05,2.30525e-05
1943,17006.2,0.2282,0.13432,0.78435,0.99939,1,0.995,0.99435,0.15977,0.10086,0.76497,2.27615e-05,2.27615e-05,2.27615e-05
1944,17014.3,0.21336,0.1288,0.77652,0.99939,1,0.995,0.99436,0.15965,0.10079,0.76499,2.24704e-05,2.24704e-05,2.24704e-05
1945,17023.5,0.24046,0.14454,0.77907,0.99939,1,0.995,0.99436,0.15953,0.10075,0.76497,2.21794e-05,2.21794e-05,2.21794e-05
1946,17032.8,0.22398,0.13094,0.78003,0.99938,1,0.995,0.99439,0.15955,0.10077,0.765,2.18883e-05,2.18883e-05,2.18883e-05
1947,17040.8,0.23237,0.1362,0.7762,0.99938,1,0.995,0.99435,0.15949,0.10078,0.76498,2.15972e-05,2.15972e-05,2.15972e-05
1948,17051.9,0.21242,0.12619,0.77884,0.99938,1,0.995,0.99435,0.15936,0.10084,0.76498,2.13062e-05,2.13062e-05,2.13062e-05
1949,17061.4,0.24324,0.1434,0.78295,0.99938,1,0.995,0.99435,0.15929,0.10089,0.76498,2.10151e-05,2.10151e-05,2.10151e-05
1950,17070.7,0.22873,0.13184,0.76891,0.99938,1,0.995,0.99435,0.15925,0.10088,0.76494,2.07241e-05,2.07241e-05,2.07241e-05
1951,17079.1,0.2316,0.13664,0.77504,0.99939,1,0.995,0.99435,0.15901,0.10086,0.76493,2.0433e-05,2.0433e-05,2.0433e-05
1952,17087.3,0.22475,0.13405,0.78043,0.99939,1,0.995,0.99435,0.15889,0.10087,0.76492,2.01419e-05,2.01419e-05,2.01419e-05
1953,17096.9,0.20219,0.12357,0.77643,0.99939,1,0.995,0.99435,0.15884,0.10092,0.76492,1.98509e-05,1.98509e-05,1.98509e-05
1954,17107.7,0.23389,0.13494,0.7783,0.99939,1,0.995,0.99435,0.15871,0.10096,0.76491,1.95598e-05,1.95598e-05,1.95598e-05
1955,17115.5,0.23772,0.13665,0.77789,0.99939,1,0.995,0.99435,0.15854,0.10098,0.76491,1.92688e-05,1.92688e-05,1.92688e-05
1956,17124.6,0.26025,0.14921,0.77724,0.99939,1,0.995,0.99435,0.1585,0.10101,0.76491,1.89777e-05,1.89777e-05,1.89777e-05
1957,17134.7,0.22361,0.13287,0.77284,0.99939,1,0.995,0.99431,0.15847,0.10104,0.7649,1.86866e-05,1.86866e-05,1.86866e-05
1958,17143.5,0.25162,0.14323,0.77577,0.99939,1,0.995,0.99431,0.15854,0.1011,0.76491,1.83956e-05,1.83956e-05,1.83956e-05
1959,17152.3,0.24229,0.14252,0.7777,0.99939,1,0.995,0.99431,0.15859,0.10118,0.76495,1.81045e-05,1.81045e-05,1.81045e-05
1960,17159.6,0.28825,0.15967,0.77776,0.99939,1,0.995,0.99431,0.15858,0.10116,0.76494,1.78135e-05,1.78135e-05,1.78135e-05
1961,17168.1,0.23874,0.13647,0.77876,0.99939,1,0.995,0.99432,0.15868,0.10112,0.76495,1.75224e-05,1.75224e-05,1.75224e-05
1962,17178.2,0.22018,0.13046,0.77838,0.99939,1,0.995,0.99432,0.1587,0.10116,0.76493,1.72313e-05,1.72313e-05,1.72313e-05
1963,17186.7,0.22361,0.13314,0.77763,0.9994,1,0.995,0.99432,0.15854,0.10107,0.76492,1.69403e-05,1.69403e-05,1.69403e-05
1964,17194.6,0.24886,0.14294,0.77337,0.9994,1,0.995,0.99432,0.15854,0.10106,0.76492,1.66492e-05,1.66492e-05,1.66492e-05
1965,17203.3,0.23365,0.13537,0.78063,0.9994,1,0.995,0.99432,0.15852,0.10107,0.76491,1.63582e-05,1.63582e-05,1.63582e-05
1966,17210.7,0.23676,0.13819,0.77876,0.9994,1,0.995,0.99432,0.15846,0.10106,0.76492,1.60671e-05,1.60671e-05,1.60671e-05
1967,17220,0.23694,0.14018,0.7784,0.9994,1,0.995,0.99432,0.15844,0.10107,0.76491,1.5776e-05,1.5776e-05,1.5776e-05
1968,17229.5,0.24673,0.13973,0.77713,0.9994,1,0.995,0.99432,0.1585,0.10106,0.76492,1.5485e-05,1.5485e-05,1.5485e-05
1969,17238.1,0.22297,0.1305,0.77856,0.9994,1,0.995,0.9944,0.1585,0.10106,0.76492,1.51939e-05,1.51939e-05,1.51939e-05
1970,17247,0.22557,0.13345,0.77408,0.9994,1,0.995,0.99441,0.15842,0.10102,0.76491,1.49029e-05,1.49029e-05,1.49029e-05
1971,17255.8,0.22324,0.1316,0.73853,0.9994,1,0.995,0.99441,0.15843,0.10107,0.7649,1.46118e-05,1.46118e-05,1.46118e-05
1972,17264.3,0.20964,0.12731,0.77336,0.9994,1,0.995,0.99441,0.15844,0.10106,0.76491,1.43207e-05,1.43207e-05,1.43207e-05
1973,17272,0.23277,0.13788,0.77898,0.9994,1,0.995,0.99441,0.15849,0.10096,0.7649,1.40297e-05,1.40297e-05,1.40297e-05
1974,17279.9,0.24754,0.14234,0.77604,0.9994,1,0.995,0.99445,0.15851,0.1008,0.76491,1.37386e-05,1.37386e-05,1.37386e-05
1975,17288.2,0.23066,0.1362,0.77177,0.9994,1,0.995,0.99447,0.15858,0.10067,0.76488,1.34476e-05,1.34476e-05,1.34476e-05
1976,17297.7,0.21898,0.1287,0.77772,0.9994,1,0.995,0.99448,0.15868,0.10056,0.76487,1.31565e-05,1.31565e-05,1.31565e-05
1977,17305.3,0.23407,0.1377,0.77838,0.99941,1,0.995,0.99448,0.15879,0.10045,0.76488,1.28654e-05,1.28654e-05,1.28654e-05
1978,17315.3,0.2069,0.12685,0.78127,0.99941,1,0.995,0.99448,0.15878,0.10039,0.76488,1.25744e-05,1.25744e-05,1.25744e-05
1979,17326.3,0.21233,0.12779,0.77566,0.99941,1,0.995,0.99448,0.1587,0.10036,0.76488,1.22833e-05,1.22833e-05,1.22833e-05
1980,17333.6,0.24885,0.14411,0.77697,0.99941,1,0.995,0.99448,0.15865,0.10031,0.76488,1.19923e-05,1.19923e-05,1.19923e-05
1981,17342.5,0.24553,0.13867,0.77166,0.99941,1,0.995,0.99448,0.15866,0.10033,0.76488,1.17012e-05,1.17012e-05,1.17012e-05
1982,17350.6,0.22257,0.1345,0.77853,0.99949,1,0.995,0.99445,0.1587,0.10036,0.7649,1.14101e-05,1.14101e-05,1.14101e-05
1983,17358.7,0.22649,0.13666,0.76707,0.99949,1,0.995,0.99445,0.15872,0.10043,0.7649,1.11191e-05,1.11191e-05,1.11191e-05
1984,17366.3,0.23562,0.13803,0.77634,0.99949,1,0.995,0.99441,0.15879,0.10042,0.7649,1.0828e-05,1.0828e-05,1.0828e-05
1985,17376.9,0.21633,0.12647,0.77718,0.99949,1,0.995,0.99445,0.15873,0.10038,0.7649,1.0537e-05,1.0537e-05,1.0537e-05
1986,17386.5,0.25419,0.1463,0.777,0.99949,1,0.995,0.99445,0.15868,0.10031,0.7649,1.02459e-05,1.02459e-05,1.02459e-05
1987,17396.1,0.21541,0.12895,0.77397,0.99949,1,0.995,0.99445,0.15873,0.10031,0.7649,9.95484e-06,9.95484e-06,9.95484e-06
1988,17404.8,0.23537,0.13797,0.77738,0.99948,1,0.995,0.99444,0.15877,0.10029,0.7649,9.66378e-06,9.66378e-06,9.66378e-06
1989,17413.1,0.22262,0.1313,0.77435,0.99948,1,0.995,0.9944,0.15874,0.10024,0.76491,9.37272e-06,9.37272e-06,9.37272e-06
1990,17421.7,0.24806,0.14148,0.78084,0.99948,1,0.995,0.99444,0.15873,0.10021,0.76491,9.08166e-06,9.08166e-06,9.08166e-06
1991,17431.5,0.26585,0.14675,0.77098,0.99948,1,0.995,0.99444,0.15864,0.10013,0.76493,8.7906e-06,8.7906e-06,8.7906e-06
1992,17440.1,0.24013,0.13538,0.76727,0.99945,1,0.995,0.9944,0.1585,0.10007,0.76492,8.49954e-06,8.49954e-06,8.49954e-06
1993,17447.7,0.22565,0.12722,0.77263,0.99944,1,0.995,0.9944,0.15849,0.10001,0.76491,8.20848e-06,8.20848e-06,8.20848e-06
1994,17456.6,0.22571,0.12936,0.76651,0.99937,1,0.995,0.99439,0.15856,0.10005,0.76491,7.91742e-06,7.91742e-06,7.91742e-06
1995,17464.6,0.22372,0.12717,0.76552,0.99937,1,0.995,0.99439,0.15864,0.1001,0.76491,7.62636e-06,7.62636e-06,7.62636e-06
1996,17471.6,0.21624,0.13159,0.76452,0.99941,1,0.995,0.99439,0.15876,0.10018,0.7649,7.3353e-06,7.3353e-06,7.3353e-06
1997,17480.3,0.22954,0.13301,0.76936,0.99941,1,0.995,0.99439,0.15886,0.10026,0.7649,7.04424e-06,7.04424e-06,7.04424e-06
1998,17489,0.21765,0.12551,0.76962,0.99941,1,0.995,0.99435,0.1589,0.10033,0.76489,6.75318e-06,6.75318e-06,6.75318e-06
1999,17497.1,0.22715,0.12784,0.77507,0.99937,1,0.995,0.99435,0.15902,0.10041,0.76488,6.46212e-06,6.46212e-06,6.46212e-06
2000,17504.9,0.2114,0.12383,0.7606,0.99945,1,0.995,0.99435,0.15924,0.10052,0.76489,6.17106e-06,6.17106e-06,6.17106e-06
